CustomerID,maxprice,minprice,avgprice,count,cancelled
12346,77184,77184,77184,1,1
12347,1294,225,616,7,0
12348,893,227,449,4,0
12349,1758,1758,1758,1,0
12350,334,334,334,1,0
12352,366,120,238,7,10
12353,89,89,89,1,0
12354,1079,1079,1079,1,0
12355,459,459,459,1,0
12356,2272,58,937,3,0
12357,6208,6208,6208,1,0
12358,683,485,584,2,0
12359,2877,548,1593,4,6
12360,1084,535,887,3,0
12361,190,190,190,1,0
12362,830,304,523,10,8
12363,299,253,276,2,0
12364,624,80,328,4,0
12365,321,321,321,2,1
12367,169,169,169,1,0
12370,1591,277,886,4,0
12371,1528,360,944,2,0
12372,516,383,433,3,0
12373,365,365,365,1,0
12374,743,743,743,1,0
12375,230,227,229,2,1
12377,1002,627,814,2,0
12378,4009,4009,4009,1,0
12379,460,392,426,2,1
12380,1040,451,681,4,1
12381,1269,5,369,5,4
12383,651,99,370,5,1
12384,293,293,293,2,3
12386,259,143,201,2,0
12388,902,124,463,6,0
12390,550,550,550,1,0
12391,461,461,461,1,0
12393,522,177,396,4,0
12394,891,381,636,2,0
12395,347,150,252,12,3
12397,1215,1195,1205,2,0
12398,1636,1636,1636,1,0
12399,481,130,277,4,0
12401,84,84,84,1,0
12402,226,226,226,1,0
12403,428,428,428,1,1
12405,1710,1710,1710,1,0
12406,1794,1621,1708,2,3
12407,719,192,342,5,0
12408,763,75,578,5,8
12409,6207,5,3691,3,5
12410,625,68,347,2,2
12412,515,336,409,3,0
12413,479,85,253,3,2
12414,243,154,187,3,0
12415,22776,61,5948,21,62
12417,563,291,405,9,6
12418,669,669,669,1,0
12420,600,600,600,1,0
12421,239,157,202,4,1
12422,417,148,268,3,0
12423,347,85,232,8,1
12424,1466,295,880,2,0
12425,777,777,777,1,0
12426,583,583,583,1,0
12427,304,240,275,3,4
12428,2475,374,884,9,6
12429,1282,438,938,4,0
12430,256,256,256,1,0
12431,640,90,432,15,4
12432,2862,65,1012,5,0
12433,2843,20,1911,7,0
12434,520,286,403,2,4
12435,3979,3851,3915,2,0
12436,509,509,509,1,0
12437,737,65,275,18,1
12438,2017,890,1453,2,0
12441,174,174,174,1,0
12442,172,172,172,1,0
12444,1870,563,1001,5,0
12445,133,133,133,1,0
12446,1002,1002,1002,1,0
12447,476,476,476,1,0
12448,449,449,449,1,0
12449,1343,778,1017,4,0
12450,102,96,99,2,0
12451,2920,263,1807,5,1
12452,351,80,215,2,1
12453,707,707,707,1,0
12454,3528,3528,3528,1,15
12455,1684,15,411,6,0
12456,1325,916,1060,3,4
12457,743,160,338,7,5
12458,505,442,474,2,0
12461,627,200,413,2,0
12462,762,427,595,2,10
12463,359,297,336,4,5
12464,282,34,152,8,0
12465,441,301,371,2,4
12468,509,221,365,2,2
12471,2239,30,661,30,71
12472,1631,268,939,7,52
12473,1698,40,788,5,11
12474,806,8,410,18,33
12475,723,723,723,1,0
12476,1750,12,620,11,31
12477,4257,1059,2203,6,8
12478,681,681,681,1,0
12479,527,527,527,1,4
12480,1137,558,820,4,0
12481,1308,135,560,10,1
12483,548,9,311,8,6
12484,1246,140,757,6,4
12488,553,214,433,3,0
12489,335,335,335,1,0
12490,1036,332,542,10,0
12491,460,460,460,1,0
12492,137,126,132,2,0
12493,233,201,217,2,1
12494,403,5,178,7,7
12497,1043,1043,1043,1,0
12498,247,30,135,3,0
12500,1097,3,387,11,4
12501,2169,2169,2169,1,11
12502,1092,523,745,5,0
12504,449,33,241,2,1
12506,74,74,74,1,6
12507,812,47,435,3,1
12508,275,123,199,2,0
12509,177,177,177,1,1
12510,681,302,491,2,0
12512,122,16,69,2,0
12513,612,612,612,1,0
12514,1018,1018,1018,1,0
12515,384,384,384,1,1
12516,729,583,656,2,0
12517,772,54,501,5,0
12518,525,325,411,5,0
12519,341,341,341,1,2
12520,987,247,527,5,0
12521,600,600,600,1,0
12522,103,89,96,2,3
12523,262,103,163,11,0
12524,1094,289,561,8,0
12526,520,277,439,3,4
12527,152,64,116,3,0
12528,494,234,322,6,0
12530,441,387,416,4,0
12531,125,125,125,1,3
12532,350,350,350,1,2
12534,1089,1089,1089,1,0
12535,371,345,358,2,0
12536,4280,4161,4201,3,0
12538,364,364,364,1,0
12539,1716,1051,1392,4,12
12540,1380,277,788,17,0
12541,445,224,327,3,1
12544,373,373,373,1,3
12545,628,372,500,2,0
12546,760,401,581,2,1
12547,159,48,104,2,0
12548,95,95,95,1,1
12550,965,965,965,1,0
12551,168,168,168,1,0
12552,318,120,219,2,0
12553,700,6,369,10,0
12556,313,291,302,2,0
12557,4146,620,2398,5,5
12558,270,270,270,1,0
12559,486,76,281,2,0
12560,1292,144,711,3,11
12561,239,239,239,1,1
12562,654,389,540,7,6
12564,457,457,457,1,0
12565,146,146,146,1,0
12566,352,352,352,1,0
12567,1650,286,940,10,1
12569,349,52,129,32,1
12571,271,248,260,2,17
12572,533,488,510,2,3
12573,161,161,161,1,0
12574,218,218,218,1,2
12576,379,155,263,5,0
12577,328,134,219,3,0
12578,1609,1186,1397,2,1
12579,440,440,440,1,1
12580,416,416,416,1,6
12581,198,198,198,1,2
12582,306,205,256,2,0
12583,856,243,485,15,0
12584,464,13,260,9,0
12585,1263,777,1020,2,4
12586,197,197,197,1,30
12587,144,144,144,1,10
12588,215,215,215,1,1
12589,515,132,323,2,0
12590,9341,523,4932,2,0
12591,453,453,453,1,0
12592,232,206,219,2,2
12593,236,86,139,3,0
12594,722,28,334,10,0
12596,348,270,309,2,0
12597,2176,206,953,4,1
12598,721,36,378,8,0
12599,202,79,148,7,8
12600,428,77,260,10,1
12601,144,68,115,5,0
12602,153,153,153,1,1
12603,739,739,739,1,1
12604,179,76,127,2,0
12607,1580,1580,1580,1,0
12609,513,288,376,3,0
12610,947,160,420,5,3
12611,1193,1193,1193,1,101
12612,704,704,704,1,0
12613,1882,18,669,5,5
12614,316,316,316,1,0
12615,657,423,573,4,2
12616,458,256,357,2,10
12617,356,356,356,1,0
12618,177,177,177,1,0
12619,688,200,405,9,4
12620,562,378,446,3,0
12621,1210,50,684,20,0
12622,180,180,180,1,5
12623,305,305,305,1,0
12624,341,300,321,2,7
12625,1717,967,1342,2,0
12626,1378,178,736,9,0
12627,1184,72,640,7,0
12628,334,215,262,3,5
12630,702,569,635,2,13
12631,641,641,641,1,0
12633,1013,215,541,4,2
12635,1006,684,845,2,0
12637,1517,5,753,8,0
12638,672,672,672,1,2
12639,486,486,486,1,0
12640,765,78,392,3,4
12641,186,186,186,1,0
12642,366,292,338,3,0
12643,1202,202,557,6,0
12644,478,478,478,1,0
12645,512,369,444,4,0
12646,732,615,673,2,0
12647,597,86,310,12,0
12648,318,318,318,1,1
12649,375,15,208,3,0
12650,314,314,314,1,6
12651,114,114,114,1,0
12652,920,920,920,1,2
12653,1431,779,1105,2,0
12654,171,48,120,5,0
12656,1161,541,810,5,3
12657,618,43,411,4,0
12658,686,686,686,1,0
12659,92,92,92,1,4
12660,245,245,245,1,9
12662,522,121,350,11,0
12664,890,310,542,9,0
12665,63,63,63,1,0
12667,620,620,620,1,2
12668,1445,470,952,4,1
12669,1136,471,915,3,1
12670,696,393,599,5,2
12672,226,226,226,1,0
12673,390,221,305,2,7
12674,587,390,493,4,1
12676,510,122,222,6,2
12678,8896,52,1469,12,0
12679,794,94,278,4,0
12680,312,112,216,4,8
12681,1238,122,627,22,0
12682,835,100,396,31,2
12683,1131,25,565,15,8
12684,489,30,326,7,0
12685,1057,223,477,6,8
12686,89,89,89,1,0
12688,4874,4874,4874,1,18
12689,737,511,624,2,0
12690,389,389,389,1,0
12691,303,36,173,6,0
12693,240,162,214,4,0
12694,440,430,435,2,0
12695,245,85,146,4,0
12697,391,224,319,3,0
12700,1476,1057,1235,4,2
12701,461,337,399,2,0
12702,219,219,219,1,0
12703,284,284,284,1,2
12704,561,70,293,8,2
12705,1321,72,763,9,0
12707,603,603,603,1,0
12708,404,33,271,10,1
12709,1225,68,649,15,2
12710,719,71,383,3,14
12712,776,147,338,13,0
12713,849,849,849,1,17
12714,1319,513,942,5,49
12715,354,354,354,1,2
12716,678,376,527,2,9
12717,610,421,515,2,0
12718,238,238,238,1,0
12719,361,284,322,2,0
12720,498,17,231,25,0
12721,614,287,443,6,1
12722,580,47,249,4,0
12723,329,19,145,5,3
12724,543,125,258,4,5
12725,428,428,428,1,3
12726,784,170,373,7,4
12727,920,38,569,7,0
12728,253,164,209,4,0
12729,453,453,453,1,0
12731,3174,252,1575,12,0
12732,236,236,236,1,2
12733,384,384,384,1,0
12734,110,110,110,1,0
12735,460,320,390,2,3
12736,234,234,234,1,0
12738,155,155,155,1,0
12739,976,38,507,2,0
12740,428,428,428,1,0
12743,347,199,273,2,0
12744,6068,999,3040,7,0
12747,675,302,381,11,0
12748,2027,0,161,210,0
12749,1866,30,818,5,0
12750,276,276,276,1,7
12752,4367,4367,4367,1,0
12753,5735,15,3572,6,46
12754,2949,16,1004,3,32
12755,3794,18,1906,2,0
12756,112,112,112,1,0
12757,1579,50,604,13,33
12758,1570,1221,1396,2,2
12759,638,445,510,3,2
12762,1437,462,949,2,0
12763,320,174,247,2,6
12764,1694,1694,1694,1,0
12766,1319,686,999,7,0
12769,1144,1144,1144,1,0
12770,1351,1351,1351,1,0
12772,892,892,892,1,0
12775,420,214,277,5,0
12778,172,84,137,6,0
12779,982,25,498,8,0
12781,549,277,413,2,0
12782,684,252,466,5,1
12783,642,222,371,6,1
12784,518,56,287,2,10
12785,312,312,312,1,5
12787,187,119,155,3,4
12789,92,92,92,1,2
12790,325,325,325,1,0
12791,193,193,193,1,1
12792,401,401,401,1,0
12793,414,132,273,2,0
12794,543,317,430,2,0
12795,430,430,430,1,0
12797,254,254,254,1,0
12798,3652,1607,2326,3,0
12802,428,428,428,1,0
12808,202,129,161,3,0
12809,489,489,489,1,4
12811,248,27,172,3,0
12812,230,230,230,1,1
12814,126,126,126,1,0
12815,615,448,532,2,1
12816,319,254,286,2,0
12817,166,166,166,1,0
12818,1542,1542,1542,1,0
12820,344,170,236,4,0
12821,93,93,93,1,0
12822,691,258,474,2,0
12823,536,230,352,5,2
12824,397,397,397,1,0
12826,329,122,211,7,0
12827,218,101,143,3,1
12828,274,77,170,6,0
12829,207,86,147,2,0
12830,2222,400,1136,6,3
12831,215,215,215,1,0
12832,268,115,192,2,0
12833,417,417,417,1,1
12834,312,312,312,1,1
12836,847,451,653,4,0
12837,134,134,134,1,0
12838,391,292,342,2,0
12839,752,279,399,14,0
12840,854,573,682,4,0
12841,294,5,161,25,0
12842,808,311,559,2,0
12843,444,10,213,8,2
12844,175,151,163,2,3
12845,209,7,89,4,19
12847,872,872,872,1,0
12849,705,346,525,2,5
12851,135,135,135,1,0
12852,312,312,312,1,0
12853,898,48,326,6,0
12854,514,390,442,3,0
12855,38,38,38,1,0
12856,603,213,363,6,3
12857,802,305,553,2,6
12863,521,521,521,1,5
12864,147,147,147,1,0
12865,981,587,784,2,3
12866,559,559,559,1,0
12867,1011,363,577,7,1
12868,438,182,268,6,0
12871,249,132,190,2,1
12872,379,221,300,2,0
12873,374,374,374,1,13
12875,294,49,172,2,0
12876,1492,726,1109,2,2
12877,277,79,128,12,0
12878,540,315,427,2,0
12879,367,66,191,3,0
12881,298,298,298,1,0
12882,991,472,732,2,0
12883,292,33,176,4,0
12884,309,309,309,1,2
12885,645,10,392,3,2
12886,775,603,689,2,0
12888,273,81,177,2,0
12890,380,380,380,1,0
12891,204,42,110,3,0
12893,188,188,188,1,1
12895,268,105,186,2,4
12897,129,88,108,2,2
12901,2844,36,631,28,0
12902,139,139,139,1,0
12904,265,245,255,2,0
12906,1547,43,584,5,2
12908,432,318,375,2,0
12909,625,279,436,5,9
12910,720,50,384,8,0
12912,616,140,332,5,0
12913,1082,135,497,5,0
12915,200,164,182,2,2
12916,848,650,752,4,5
12917,594,594,594,1,0
12919,336,53,223,6,0
12920,164,164,164,1,0
12921,1349,12,448,37,0
12922,405,405,405,1,2
12923,177,177,177,1,0
12924,367,58,233,4,2
12925,368,326,347,2,0
12928,593,334,413,5,21
12929,118,118,118,1,0
12930,222,194,208,2,0
12931,18841,33,2804,15,1
12933,250,111,203,3,0
12935,435,12,309,7,0
12936,798,79,266,4,1
12937,678,211,376,4,2
12938,114,114,114,1,20
12939,3376,346,1448,8,1
12940,552,361,457,2,1
12942,287,138,228,3,1
12944,318,287,302,2,0
12945,463,463,463,1,0
12947,430,41,267,6,0
12948,538,128,295,7,4
12949,1534,35,521,8,0
12950,1171,312,614,3,1
12951,312,117,177,6,0
12952,732,75,347,4,0
12953,330,330,330,1,6
12955,995,17,432,11,2
12956,108,108,108,1,4
12957,969,53,502,8,0
12962,171,96,133,2,2
12963,498,82,232,8,1
12965,772,772,772,1,0
12966,160,160,160,1,3
12967,1368,293,830,2,0
12968,136,136,136,1,6
12970,386,7,113,4,0
12971,411,25,130,86,1
12974,145,145,145,1,0
12976,739,739,739,1,0
12977,39,39,39,1,14
12980,1077,433,819,9,0
12981,187,185,186,2,0
12982,391,391,391,1,3
12984,98,98,98,1,0
12985,754,485,620,2,0
12987,304,254,279,2,0
12988,535,535,535,1,4
12989,1141,61,462,15,0
12990,166,98,137,3,6
12991,304,200,252,2,0
12993,197,42,104,4,2
12994,353,293,325,3,2
12995,211,211,211,1,0
12997,311,303,307,4,4
12999,320,59,152,3,0
13000,257,76,178,3,0
13001,1854,278,755,13,0
13002,121,121,121,1,12
13003,60,30,50,3,2
13004,467,16,314,18,8
13005,322,192,257,2,0
13006,82,82,82,1,0
13008,229,229,229,1,3
13011,51,51,51,1,0
13012,377,15,208,8,0
13013,842,195,370,13,5
13014,515,77,347,10,3
13015,1583,108,669,5,0
13016,425,12,263,3,1
13017,204,204,204,1,0
13018,493,17,260,28,18
13021,442,25,291,9,3
13023,354,336,345,2,14
13026,360,84,195,5,0
13027,2016,384,1152,6,0
13028,356,305,331,2,0
13029,474,383,416,3,1
13030,428,372,400,2,3
13032,514,496,505,2,0
13033,191,191,191,1,3
13034,477,166,321,2,0
13035,589,333,461,2,2
13037,327,250,294,3,0
13038,395,197,303,3,0
13040,374,303,338,2,4
13043,516,516,516,1,0
13044,560,560,560,1,0
13045,305,305,305,1,3
13046,432,198,315,2,0
13047,562,5,324,10,0
13048,478,435,459,4,0
13049,503,154,328,2,1
13050,585,270,343,17,0
13052,348,348,348,1,0
13055,796,74,405,3,0
13058,134,48,90,3,24
13059,183,183,183,1,1
13060,308,308,308,1,0
13061,249,249,249,1,19
13062,347,347,347,1,0
13064,456,183,280,4,2
13065,206,206,206,1,0
13066,319,152,235,2,0
13067,115,115,115,1,0
13068,179,165,172,2,0
13069,477,2,185,24,0
13070,229,229,229,1,0
13072,177,177,177,1,0
13075,920,920,920,1,1
13077,314,10,182,4,0
13078,846,101,486,26,0
13079,113,18,44,5,45
13080,58,58,58,1,0
13081,7271,12,2576,11,0
13082,1278,34,402,9,0
13083,192,111,152,2,0
13085,278,138,208,2,22
13089,3705,17,606,97,0
13090,1834,15,636,14,0
13091,346,346,346,1,33
13092,185,38,96,5,2
13093,1828,305,979,8,0
13094,229,76,161,12,7
13095,74,74,74,1,39
13097,878,305,601,10,6
13098,2482,96,1032,28,3
13099,207,207,207,1,1
13101,101,101,101,1,11
13102,447,9,268,24,6
13103,244,244,244,1,0
13104,339,102,183,6,14
13106,77,77,77,1,33
13107,567,124,383,4,0
13108,350,350,350,1,0
13109,417,370,393,2,6
13110,303,7,213,7,0
13113,1961,3,510,24,0
13115,901,16,574,4,1
13116,501,501,501,1,2
13117,202,65,123,8,0
13118,424,20,240,5,3
13120,31,31,31,1,1
13121,284,284,284,1,79
13122,904,19,461,2,12
13124,1318,1256,1289,3,1
13126,369,20,262,8,0
13127,259,259,259,1,3
13130,64,64,64,1,0
13131,447,301,358,3,3
13132,77,77,77,1,0
13133,57,52,55,2,0
13134,908,26,448,4,2
13135,3096,3096,3096,1,0
13136,921,119,522,5,0
13137,682,218,456,8,2
13138,198,103,160,6,0
13139,1874,354,724,7,0
13140,160,114,141,3,7
13141,988,216,478,5,0
13142,307,307,307,1,12
13144,111,111,111,1,1
13145,295,86,155,4,0
13146,229,229,229,1,4
13147,238,119,178,4,0
13148,677,15,309,12,1
13149,543,250,419,4,0
13151,1258,1258,1258,1,0
13153,486,486,486,1,1
13155,380,89,243,4,0
13157,868,198,435,4,0
13158,333,256,300,4,28
13159,457,283,359,4,0
13160,92,92,92,1,1
13161,113,113,113,1,0
13162,753,4,422,4,1
13165,667,355,511,2,0
13166,417,417,417,1,2
13167,243,132,198,4,0
13168,632,131,330,4,1
13169,505,208,356,2,0
13170,116,116,116,1,0
13171,196,133,156,3,3
13173,188,166,177,2,0
13174,1416,692,939,3,1
13176,493,493,493,1,0
13177,282,282,282,1,2
13178,796,262,520,11,0
13182,121,121,121,1,0
13183,691,212,440,9,2
13184,365,8,170,10,0
13185,71,71,71,1,0
13186,988,274,525,3,0
13187,236,236,236,1,0
13188,115,115,115,1,0
13189,134,127,130,2,0
13192,464,448,456,2,0
13193,118,118,118,1,2
13194,61,61,61,1,0
13196,1075,58,449,4,5
13198,903,385,567,6,0
13199,1827,15,258,38,0
13200,319,100,218,4,0
13203,396,144,217,4,0
13207,198,53,125,2,0
13208,382,6,204,6,0
13209,1932,86,736,8,0
13210,353,353,353,1,3
13211,776,111,399,3,1
13212,497,75,263,3,0
13213,557,95,304,5,0
13216,334,334,334,1,0
13217,397,52,178,3,1
13218,63,63,63,1,8
13220,476,83,205,4,0
13221,498,349,424,2,0
13223,101,62,82,2,1
13224,1212,944,1078,2,2
13225,1363,537,923,7,0
13226,108,108,108,1,3
13227,258,258,258,1,0
13228,358,358,358,1,0
13229,161,161,161,1,0
13230,397,5,200,14,0
13232,314,117,194,7,1
13233,304,301,303,2,2
13235,1031,1031,1031,1,0
13236,439,306,372,2,0
13238,278,91,175,4,0
13239,330,330,330,1,0
13240,224,110,166,4,1
13242,166,42,90,3,0
13243,600,600,600,1,0
13244,122,122,122,1,1
13245,431,431,431,1,3
13246,565,126,331,6,1
13247,305,45,125,4,0
13248,387,78,233,2,0
13249,292,128,237,3,0
13253,554,476,515,2,0
13255,226,174,200,2,0
13256,0,0,0,1,0
13258,370,104,233,3,2
13259,292,292,292,1,0
13260,558,558,558,1,0
13261,845,99,472,2,0
13262,200,200,200,1,0
13263,499,8,213,35,1
13265,817,305,422,5,0
13266,382,279,320,12,0
13267,385,10,238,19,0
13268,654,8,292,11,0
13269,705,56,356,15,0
13270,590,590,590,1,0
13271,217,217,217,1,0
13272,141,136,138,2,0
13273,139,139,139,1,15
13276,454,137,295,2,13
13277,83,50,65,4,7
13278,543,543,543,1,4
13279,138,138,138,1,0
13280,392,116,272,3,5
13282,428,345,377,3,0
13283,68,26,47,2,0
13284,201,201,201,1,0
13285,797,506,677,4,0
13291,361,361,361,1,0
13292,329,250,289,2,2
13294,484,390,437,2,0
13295,201,201,201,1,3
13296,87,87,87,1,0
13297,1315,95,522,4,1
13298,360,360,360,1,0
13299,143,143,143,1,0
13300,372,372,372,1,0
13301,174,137,155,4,0
13302,64,64,64,1,1
13304,300,300,300,1,0
13305,316,75,200,10,0
13307,15,15,15,1,0
13308,815,285,462,3,0
13309,391,156,291,5,2
13310,410,314,377,3,0
13311,490,108,299,2,0
13313,324,302,311,5,0
13314,500,90,259,3,0
13316,2158,684,1494,4,0
13317,960,32,379,6,3
13318,303,151,214,3,0
13319,1856,15,417,26,5
13320,568,189,387,4,0
13321,308,259,284,2,0
13322,199,199,199,1,13
13323,275,98,158,5,1
13324,1783,209,712,10,11
13325,675,675,675,1,0
13327,889,60,453,8,24
13328,1308,1308,1308,1,4
13329,485,304,395,2,0
13330,413,336,380,3,0
13332,351,351,351,1,0
13334,1660,805,1179,3,2
13336,795,795,795,1,0
13338,487,487,487,1,1
13339,860,860,860,1,0
13340,3678,483,1534,7,2
13341,776,776,776,1,0
13343,353,353,353,1,0
13344,1656,322,848,3,0
13345,390,390,390,1,0
13347,341,341,341,1,5
13348,234,234,234,1,0
13349,247,247,247,1,0
13350,647,333,490,2,0
13351,374,374,374,1,3
13352,398,398,398,1,0
13354,744,744,744,1,2
13355,675,675,675,1,0
13356,768,768,768,1,0
13357,610,610,610,1,0
13358,439,439,439,1,3
13359,440,440,440,1,0
13362,813,753,773,4,3
13363,604,389,496,2,0
13364,135,135,135,1,0
13365,1525,701,1113,2,0
13366,56,56,56,1,0
13368,588,35,312,2,0
13369,308,308,308,1,1
13370,755,755,755,1,3
13372,379,379,379,1,0
13373,1257,988,1104,3,10
13375,779,779,779,1,4
13376,394,250,340,3,0
13379,300,136,191,3,0
13381,710,416,607,6,5
13382,223,223,223,1,5
13384,1173,90,593,7,0
13385,535,535,535,1,0
13388,621,56,339,2,1
13389,322,218,266,3,0
13390,544,544,544,1,0
13391,60,60,60,1,1
13394,372,301,315,8,0
13395,308,308,308,1,3
13396,974,387,680,2,0
13397,379,248,309,5,1
13398,457,457,457,1,0
13402,313,308,311,2,0
13403,75,75,75,1,0
13404,218,35,126,2,9
13405,397,15,191,3,0
13408,1145,24,454,62,4
13410,274,140,201,5,1
13411,214,214,214,1,0
13414,533,390,464,3,0
13416,438,275,356,2,0
13417,405,236,320,2,0
13418,880,13,340,18,0
13419,221,221,221,1,23
13420,104,56,80,2,2
13421,1026,825,926,2,0
13422,2626,2626,2626,1,0
13425,773,402,541,3,0
13426,697,274,364,10,0
13427,250,118,194,3,10
13428,218,218,218,1,0
13429,331,166,252,4,2
13430,343,336,340,2,1
13431,854,415,635,2,1
13434,461,73,267,2,0
13435,885,251,544,7,2
13436,197,197,197,1,0
13437,1441,149,487,7,0
13439,284,284,284,1,0
13441,297,297,297,1,5
13447,475,224,376,3,0
13448,1066,17,590,6,0
13449,292,292,292,1,2
13450,441,241,341,6,0
13451,811,401,595,5,0
13452,295,295,295,2,0
13453,185,172,178,2,0
13455,693,365,529,2,3
13456,455,200,294,6,4
13458,1489,301,689,14,0
13460,107,76,92,2,0
13461,576,308,482,3,1
13462,152,152,152,1,0
13464,675,675,675,1,0
13466,308,308,308,1,7
13467,782,301,542,2,2
13468,357,51,154,37,12
13470,116,50,83,2,0
13471,942,92,633,4,0
13473,241,181,211,2,1
13474,230,230,230,1,0
13475,589,153,358,4,1
13476,728,511,619,2,0
13477,464,91,242,6,4
13479,157,144,150,2,0
13481,665,15,361,5,0
13482,185,185,185,1,1
13483,140,140,140,1,0
13484,314,314,314,1,0
13485,454,454,454,1,3
13486,617,202,374,3,2
13487,216,167,192,3,1
13488,1382,151,690,13,3
13489,162,51,112,4,0
13491,188,57,122,10,0
13492,594,315,423,3,0
13493,439,179,309,2,0
13494,316,316,316,1,0
13495,660,207,409,5,0
13496,501,152,327,2,5
13497,195,154,174,2,0
13499,324,150,232,5,0
13500,498,326,389,3,0
13501,1340,1340,1340,1,0
13502,115,75,97,3,0
13503,217,217,217,1,4
13504,296,296,296,1,1
13505,1811,667,1098,4,1
13506,301,157,229,2,3
13507,1242,386,620,4,2
13508,111,111,111,1,1
13509,314,15,140,7,0
13510,585,312,448,4,0
13512,251,251,251,1,0
13513,205,205,205,1,12
13514,152,152,152,1,3
13515,367,132,223,4,0
13516,769,146,463,3,0
13517,1102,510,709,3,0
13518,659,659,659,1,2
13519,123,123,123,1,0
13520,856,303,604,6,0
13521,437,288,365,3,0
13522,126,126,126,1,0
13523,1696,107,793,5,0
13524,196,75,136,5,2
13525,346,283,314,2,0
13527,483,12,327,7,1
13529,181,127,154,2,2
13531,305,178,242,2,0
13532,210,210,210,1,0
13533,128,18,90,3,5
13534,452,16,235,25,0
13536,673,349,493,7,0
13538,338,95,183,7,1
13539,316,152,210,3,0
13544,169,123,146,2,0
13546,230,188,209,3,0
13548,401,281,341,2,0
13549,224,70,131,7,46
13551,92,92,92,1,0
13552,540,20,312,12,0
13555,1694,614,1037,4,1
13557,343,241,292,2,0
13558,202,121,151,4,0
13560,174,174,174,1,0
13561,142,142,142,1,1
13562,606,590,600,3,0
13563,467,311,389,2,12
13564,658,540,583,3,0
13565,130,110,120,2,0
13566,585,290,437,2,0
13568,193,193,193,1,0
13569,255,118,187,2,0
13570,239,239,239,1,0
13571,283,115,174,12,0
13572,1384,1384,1384,1,2
13573,263,32,147,2,0
13575,258,89,146,5,0
13576,624,219,373,18,0
13577,494,357,422,4,0
13579,302,165,234,2,0
13581,118,118,118,1,0
13583,781,781,781,1,0
13584,142,142,142,1,0
13587,712,712,712,1,0
13588,491,5,275,9,4
13589,233,147,190,2,2
13590,552,204,330,6,0
13591,462,314,372,3,0
13592,96,33,62,4,0
13593,646,16,407,5,0
13594,397,397,397,1,3
13596,412,285,349,2,6
13598,180,180,180,1,0
13599,581,30,245,21,2
13600,220,220,220,1,0
13601,373,320,347,2,0
13602,429,429,429,1,1
13603,164,164,164,1,0
13606,180,30,94,3,0
13607,678,678,678,1,1
13610,239,111,162,7,17
13611,535,303,391,3,0
13614,589,206,403,4,0
13615,418,418,418,1,0
13617,235,131,181,3,0
13618,177,177,177,1,0
13621,214,214,214,1,0
13623,196,101,150,5,2
13626,257,257,257,1,2
13627,421,295,328,5,0
13629,895,336,708,11,1
13630,438,8,290,7,0
13631,850,40,279,11,0
13632,855,202,424,5,0
13634,589,158,315,5,5
13635,1071,1071,1071,1,0
13636,303,105,190,5,2
13637,423,126,270,3,0
13638,123,123,123,1,9
13639,1033,1033,1033,1,1
13642,355,355,355,1,1
13643,260,88,173,3,0
13644,851,447,656,4,0
13645,252,252,252,1,1
13647,472,379,420,4,0
13649,198,149,173,2,0
13650,448,27,306,6,0
13651,79,15,47,2,0
13652,457,309,365,3,0
13654,893,100,451,6,2
13655,549,384,466,2,0
13656,217,163,190,2,1
13657,230,152,191,2,0
13658,1009,108,528,5,2
13659,1045,528,787,2,0
13662,365,228,299,3,0
13663,189,189,189,1,0
13666,44,20,28,3,0
13667,305,305,305,1,0
13668,1131,87,303,21,0
13669,170,48,109,2,4
13670,350,350,350,1,4
13672,124,62,93,2,5
13673,214,183,198,2,0
13675,308,178,243,2,0
13678,233,233,233,1,0
13680,1520,638,931,4,31
13681,328,117,207,4,0
13682,60,60,60,1,0
13684,67,67,67,1,10
13685,1334,3,446,7,0
13686,72,72,72,1,0
13689,910,910,910,1,0
13690,172,172,172,1,21
13692,857,15,496,3,0
13694,3547,35,1301,50,0
13695,382,55,167,15,1
13697,151,151,151,1,0
13699,309,309,309,1,0
13700,390,15,227,10,0
13703,100,100,100,1,0
13704,422,89,256,9,2
13705,318,189,237,3,4
13706,331,331,331,1,17
13707,583,223,403,2,0
13708,297,297,297,1,0
13709,1097,31,487,13,0
13710,180,180,180,1,0
13711,171,81,126,2,0
13712,229,229,229,1,1
13715,445,12,216,5,0
13716,138,138,138,1,0
13717,302,184,241,6,0
13718,193,114,153,2,0
13719,331,122,208,5,10
13720,266,120,200,4,0
13721,524,524,524,1,0
13722,1463,174,792,3,0
13723,200,200,200,1,3
13725,948,114,248,8,0
13726,787,293,540,2,1
13727,223,110,167,2,0
13728,219,141,169,6,0
13730,446,307,376,2,0
13731,308,302,305,2,0
13732,492,492,492,1,1
13735,992,475,721,4,0
13736,374,358,366,2,14
13737,340,340,340,1,0
13739,217,217,217,1,0
13740,351,351,351,1,0
13741,305,163,223,3,0
13742,526,15,261,12,0
13743,276,117,192,7,0
13744,893,263,578,2,12
13745,300,300,300,1,3
13747,80,80,80,1,0
13748,336,32,190,5,0
13750,363,302,329,5,0
13751,296,296,296,1,1
13752,299,91,198,6,2
13753,741,741,741,1,1
13754,156,127,141,2,0
13755,496,44,240,9,1
13756,611,55,371,14,0
13758,893,317,456,7,0
13759,560,99,330,2,0
13760,152,135,143,2,0
13761,579,492,535,2,0
13762,307,307,307,1,0
13763,1715,1715,1715,1,0
13764,576,446,507,3,1
13767,1735,20,465,37,1
13769,421,25,280,10,0
13771,872,319,659,4,0
13772,458,228,377,3,0
13774,345,345,345,1,0
13777,6261,41,787,33,7
13778,179,179,179,1,2
13780,244,116,180,2,0
13781,128,128,128,1,31
13782,192,112,152,6,8
13784,604,38,224,11,1
13786,230,230,230,1,0
13787,203,106,155,2,0
13790,349,349,349,1,22
13791,937,579,758,2,0
13792,121,75,98,2,0
13798,3763,128,652,57,0
13799,347,342,344,2,0
13800,558,558,558,1,0
13801,325,325,325,1,0
13802,2161,970,1533,3,0
13803,277,277,277,1,0
13804,740,49,377,7,6
13805,500,424,462,2,0
13806,256,256,256,1,90
13807,113,113,113,1,0
13808,639,150,350,5,0
13809,155,155,155,1,0
13810,654,246,500,3,6
13811,333,223,272,3,0
13812,279,120,180,3,0
13813,408,282,342,4,0
13814,962,618,790,2,0
13815,1966,103,1007,4,0
13816,372,200,286,2,0
13817,254,129,191,2,0
13819,425,307,380,3,1
13821,270,115,193,2,1
13822,468,164,316,2,0
13823,650,307,479,2,2
13824,659,131,340,5,1
13826,190,190,190,1,1
13827,188,111,137,3,5
13828,209,209,209,1,0
13831,408,311,367,6,0
13832,52,52,52,1,0
13833,385,385,385,1,0
13835,328,92,209,4,0
13837,158,114,136,2,0
13838,238,93,173,4,2
13841,85,85,85,1,0
13842,639,294,376,9,0
13844,362,362,362,1,1
13845,313,313,313,1,0
13846,411,201,288,3,1
13848,615,320,418,3,0
13849,944,594,769,2,0
13850,1595,1595,1595,1,0
13851,1298,246,884,3,0
13853,1090,1090,1090,1,0
13854,430,208,324,25,0
13856,170,94,130,3,0
13858,216,216,216,1,0
13859,201,201,201,1,3
13860,406,27,249,5,0
13862,425,120,276,8,0
13863,306,306,306,1,1
13865,159,101,125,4,0
13866,146,146,146,1,1
13867,454,139,338,3,4
13868,2685,508,1596,2,3
13869,1520,324,776,4,0
13870,812,55,346,8,0
13871,855,45,493,13,1
13873,159,109,130,3,3
13874,540,540,540,1,2
13875,384,341,357,5,0
13876,123,123,123,1,0
13877,117,117,117,1,0
13878,1282,1282,1282,1,0
13880,415,98,248,13,0
13881,2252,178,858,20,3
13882,491,50,238,5,2
13883,980,113,535,5,1
13884,344,18,158,5,0
13885,399,108,253,2,0
13886,244,244,244,1,0
13887,350,350,350,1,0
13888,366,240,303,2,0
13889,417,417,417,1,0
13890,311,104,188,10,2
13892,341,55,158,4,1
13893,821,821,821,1,13
13894,282,121,188,3,1
13895,974,382,648,4,0
13897,311,311,311,1,0
13898,156,156,156,1,0
13899,299,90,194,2,0
13900,375,9,247,3,0
13901,1561,214,573,5,4
13904,201,132,166,2,0
13908,908,335,592,4,0
13911,516,143,287,9,3
13914,321,305,313,2,1
13917,207,65,136,2,0
13918,1015,198,606,2,0
13919,213,172,192,2,0
13922,172,172,172,1,0
13923,351,351,351,1,0
13924,679,24,306,6,0
13925,380,50,170,4,4
13926,224,224,224,1,0
13927,349,349,349,1,1
13928,131,104,116,4,0
13929,430,413,421,2,0
13930,210,127,169,2,5
13931,859,378,619,2,0
13932,307,307,307,1,0
13933,308,301,304,2,20
13934,922,922,922,1,4
13936,377,377,377,1,0
13937,159,159,159,1,0
13938,72,72,72,1,0
13939,206,178,190,3,1
13940,225,172,210,4,0
13941,1254,712,1023,5,1
13946,276,76,187,3,0
13947,91,91,91,1,0
13948,102,102,102,1,0
13949,538,303,405,6,1
13950,280,141,186,4,0
13951,303,158,225,3,0
13952,2043,1208,1626,2,1
13953,750,354,502,7,0
13954,227,213,220,2,2
13955,205,118,161,2,0
13956,387,120,205,5,0
13959,261,123,199,3,0
13960,128,102,115,2,0
13962,118,52,85,2,1
13963,215,116,166,4,0
13967,81,81,81,1,1
13969,1204,20,503,18,0
13971,401,306,345,8,5
13972,146,44,95,2,0
13973,265,265,265,1,0
13974,414,414,414,1,5
13975,741,152,421,6,0
13976,358,358,358,1,0
13978,159,38,98,2,0
13979,870,870,870,1,0
13980,200,200,200,1,0
13982,642,326,468,4,7
13983,398,8,217,12,9
13984,432,101,184,5,0
13985,1018,148,471,15,0
13986,320,320,320,1,0
13988,1262,462,691,6,2
13989,897,369,633,2,0
13990,311,311,311,1,0
13991,214,31,143,6,0
13992,77,77,77,1,0
13993,536,219,385,9,4
13994,808,116,386,6,5
13995,408,153,279,5,1
13999,396,301,325,12,2
14000,636,636,636,1,0
14001,1008,301,681,3,5
14002,305,225,265,2,0
14004,900,241,655,7,0
14005,1897,144,575,5,2
14006,358,300,321,3,0
14009,381,315,348,2,4
14012,329,329,329,1,0
14013,199,119,158,3,1
14014,505,505,505,1,4
14015,917,917,917,1,1
14016,1478,754,1085,4,1
14019,621,384,474,3,0
14020,331,312,321,2,0
14021,303,130,211,3,0
14022,440,440,440,1,0
14023,311,273,292,2,2
14024,262,65,164,2,0
14027,105,105,105,1,0
14029,302,165,234,2,0
14030,671,6,295,8,0
14031,2068,100,910,19,1
14032,316,103,271,11,2
14034,455,19,217,3,0
14035,399,137,286,5,0
14036,627,627,627,1,0
14037,112,35,74,2,0
14038,716,370,520,3,0
14039,152,152,152,1,0
14040,726,40,301,12,0
14041,141,141,141,1,0
14044,197,111,163,4,8
14045,683,243,415,4,9
14046,155,155,155,1,3
14047,351,9,262,5,0
14048,410,410,410,1,0
14049,2396,227,1420,4,0
14050,486,260,373,2,1
14051,1204,300,679,23,0
14052,225,225,225,1,6
14053,154,106,130,2,0
14054,92,92,92,1,0
14055,726,726,726,1,0
14056,659,6,357,23,0
14057,639,42,366,17,2
14059,184,184,184,1,3
14060,739,140,323,19,17
14062,1709,238,872,12,0
14064,375,185,271,5,5
14066,153,153,153,1,0
14067,225,150,187,2,0
14068,266,266,266,1,0
14071,341,29,180,8,0
14073,151,151,151,1,22
14075,318,308,314,3,7
14076,122,122,122,1,0
14077,133,56,100,5,1
14078,244,111,175,6,0
14079,375,375,375,1,2
14080,46,46,46,1,0
14081,511,424,467,2,0
14082,182,182,182,1,0
14083,447,14,113,9,9
14085,491,14,247,18,1
14087,194,194,194,1,0
14088,10585,33,3884,13,0
14089,161,161,161,1,0
14090,76,76,76,1,0
14092,626,30,291,14,0
14093,443,443,443,1,0
14096,8936,22,3833,17,3
14098,147,147,147,1,0
14099,404,201,282,11,0
14100,195,195,195,1,1
14101,1225,752,996,6,1
14102,421,119,272,5,1
14104,111,105,108,2,0
14105,1266,1266,1266,1,0
14107,625,241,386,7,3
14108,307,291,299,2,0
14109,144,144,144,1,17
14110,904,42,474,12,0
14111,397,48,173,4,2
14112,770,33,416,7,0
14113,493,434,460,4,0
14114,195,191,193,2,5
14116,327,213,277,5,0
14117,90,90,90,1,2
14121,1247,233,695,4,1
14124,420,420,420,1,1
14125,1295,334,913,3,5
14126,368,63,235,3,1
14127,315,138,237,3,1
14128,332,306,319,2,13
14129,359,52,225,5,6
14130,484,484,484,1,0
14132,420,301,326,11,0
14133,318,20,202,3,0
14135,749,25,313,15,1
14138,638,344,491,2,2
14139,416,416,416,1,0
14140,541,394,468,2,0
14141,285,199,229,4,1
14142,312,312,312,1,0
14143,116,116,116,1,0
14145,1129,594,936,4,0
14146,1241,311,838,5,0
14147,301,183,242,2,1
14148,157,157,157,1,2
14149,447,447,447,1,0
14150,352,306,329,2,0
14152,315,307,311,2,0
14154,926,420,673,2,1
14155,119,119,119,1,6
14156,16775,35,2134,55,0
14157,277,156,216,2,0
14158,508,508,508,1,1
14159,848,179,427,11,35
14161,564,263,370,3,1
14162,178,112,145,2,0
14163,910,338,611,4,12
14164,1274,358,816,2,0
14165,123,123,123,1,1
14167,173,111,144,4,0
14171,364,364,364,1,0
14173,195,12,113,4,20
14174,134,134,134,1,1
14175,2016,323,1074,3,0
14176,230,66,144,4,8
14177,250,8,140,4,0
14178,420,116,232,7,0
14179,552,168,360,2,0
14180,382,98,190,25,0
14184,453,453,453,1,0
14185,198,198,198,1,0
14188,398,293,342,6,0
14189,468,51,310,15,0
14191,739,150,360,13,0
14193,431,423,427,2,15
14194,1120,71,540,21,1
14195,828,184,506,2,1
14196,336,336,336,1,0
14198,183,172,175,4,0
14199,185,185,185,1,8
14201,188,47,107,7,0
14204,161,161,161,1,0
14205,244,223,233,2,6
14206,328,328,328,1,12
14208,152,152,152,1,4
14209,439,197,346,6,0
14210,364,305,318,6,25
14211,546,139,249,9,1
14212,1070,1070,1070,1,0
14214,639,50,201,5,5
14215,596,160,298,6,0
14216,793,138,460,4,2
14217,202,70,118,17,0
14218,169,169,169,1,15
14219,90,90,90,1,1
14220,319,313,316,2,0
14221,760,17,381,9,1
14222,683,683,683,1,1
14223,352,305,330,3,6
14224,368,187,263,4,0
14226,983,17,446,5,5
14227,797,15,335,10,3
14229,785,305,516,3,1
14231,309,308,309,3,0
14232,693,258,410,5,7
14233,530,101,366,4,0
14234,370,83,194,4,0
14235,1089,342,629,5,0
14236,302,189,245,2,1
14237,161,161,161,1,0
14238,147,147,147,1,1
14239,431,35,216,11,0
14240,663,227,445,2,6
14241,214,214,214,1,8
14242,142,138,140,2,3
14243,373,107,259,10,4
14245,1005,688,847,2,3
14246,520,450,491,3,1
14247,137,137,137,1,0
14248,303,303,303,1,1
14250,1229,240,635,3,0
14251,1259,301,576,5,0
14256,524,445,485,2,0
14257,1389,306,620,5,4
14258,3120,80,1408,9,0
14259,120,120,120,1,0
14261,944,220,582,2,0
14262,524,206,327,8,7
14264,218,116,167,2,4
14265,278,252,265,2,0
14267,680,418,505,3,0
14270,493,493,493,1,0
14271,112,112,112,1,0
14272,306,132,219,2,0
14273,231,106,140,4,1
14276,399,341,373,3,1
14277,2079,499,1405,3,1
14280,134,134,134,1,0
14282,664,87,249,15,0
14284,343,252,298,2,0
14285,1248,6,478,4,2
14286,2050,643,1543,3,0
14287,93,17,59,3,11
14288,427,427,427,1,0
14289,322,78,152,6,0
14290,778,251,463,5,0
14291,985,17,353,11,0
14292,1353,17,541,9,11
14293,365,143,262,4,3
14295,166,166,166,1,0
14297,580,15,326,4,0
14298,5591,25,1171,44,2
14299,871,175,441,9,0
14300,43,43,43,1,5
14301,640,640,640,1,2
14304,383,383,383,1,1
14305,1044,4,620,3,0
14306,1703,390,1047,2,2
14307,783,32,499,6,1
14309,390,148,261,9,8
14311,310,310,310,1,0
14312,564,127,269,6,2
14314,120,120,120,1,2
14315,931,21,414,6,3
14317,509,509,509,1,19
14320,353,125,239,2,0
14321,330,274,306,5,3
14323,305,300,303,2,10
14326,184,184,184,1,5
14327,312,312,312,1,2
14329,1548,17,716,7,0
14331,384,79,231,2,6
14332,466,119,289,3,7
14333,415,415,415,1,0
14334,370,224,319,8,0
14335,359,109,234,2,3
14336,534,230,404,4,0
14338,580,8,294,2,11
14339,310,310,310,1,0
14340,135,135,135,1,5
14341,797,111,273,8,1
14342,310,91,167,4,0
14344,323,15,111,8,10
14345,109,109,109,1,0
14346,759,262,511,2,0
14348,410,410,410,1,4
14349,134,134,134,1,1
14350,283,283,283,1,0
14351,51,51,51,1,0
14352,614,55,270,4,3
14353,91,91,91,1,4
14354,88,76,82,2,0
14355,174,174,174,1,1
14356,356,345,351,2,3
14357,226,226,226,1,0
14359,483,127,304,3,0
14360,1135,158,532,4,0
14362,161,161,161,1,0
14364,719,316,465,8,0
14367,1037,62,579,16,3
14368,155,155,155,1,0
14371,101,101,101,1,0
14373,77,77,77,1,0
14375,258,258,258,1,0
14377,315,302,309,2,0
14379,237,111,174,2,5
14381,203,203,203,1,0
14382,626,626,626,1,3
14383,676,242,416,3,0
14385,75,55,67,3,0
14386,142,142,142,1,0
14387,841,441,590,3,9
14388,472,313,402,8,0
14389,732,311,522,2,0
14390,975,5,517,9,0
14393,68,68,68,1,0
14395,672,188,390,9,0
14396,378,110,244,2,0
14397,300,45,138,19,0
14400,575,575,575,1,0
14401,428,228,312,13,0
14403,791,185,369,4,0
14404,315,127,246,6,0
14406,157,157,157,1,0
14407,646,15,360,6,5
14408,781,134,372,7,17
14409,1087,116,343,6,5
14410,215,4,123,9,0
14411,1063,1063,1063,1,3
14412,462,308,385,2,0
14413,123,123,123,1,8
14414,309,125,214,7,1
14415,1096,111,454,13,1
14416,361,129,245,2,6
14418,897,150,646,3,1
14419,234,124,176,6,0
14420,388,388,388,1,3
14421,455,358,407,2,0
14422,1286,331,711,6,1
14423,265,265,265,1,93
14424,322,322,322,1,0
14426,794,132,448,10,2
14427,322,42,182,2,0
14428,509,127,249,5,1
14431,470,470,470,1,22
14432,719,110,376,6,0
14434,341,100,229,6,0
14436,89,89,89,1,0
14437,63,63,63,1,1
14438,132,132,132,1,0
14439,2661,2661,2661,1,0
14440,657,182,472,5,0
14441,710,306,428,4,0
14442,914,676,795,2,40
14443,429,304,355,4,0
14446,382,157,260,4,4
14447,336,24,233,5,5
14448,273,102,188,2,0
14449,313,191,227,4,0
14450,214,108,161,3,0
14451,360,303,331,2,1
14452,137,127,132,2,0
14453,120,120,120,1,0
14456,819,26,340,9,0
14457,114,114,114,1,8
14459,1838,1838,1838,1,5
14460,247,30,145,3,5
14461,970,357,701,3,0
14462,331,16,182,11,0
14463,220,116,177,3,0
14465,597,191,353,3,0
14466,487,205,325,7,0
14467,180,114,150,4,0
14470,298,164,231,2,0
14472,402,115,242,8,0
14473,149,85,117,2,7
14474,548,548,548,1,0
14475,316,304,309,3,0
14476,216,216,216,1,1
14477,441,165,327,4,0
14479,174,142,158,2,6
14480,279,279,279,1,0
14481,334,303,318,2,0
14482,614,228,345,6,0
14483,137,137,137,1,0
14484,322,322,322,1,0
14485,166,166,166,1,0
14487,430,12,199,6,0
14488,1064,1064,1064,1,1
14489,463,463,463,1,5
14491,214,127,170,2,0
14493,611,381,477,5,1
14494,140,140,140,1,0
14495,83,41,62,2,0
14496,304,234,269,2,0
14497,475,475,475,1,0
14498,676,147,391,5,1
14499,444,126,272,3,0
14500,285,21,119,3,0
14501,184,67,126,2,1
14502,468,89,225,11,3
14503,1052,338,591,6,0
14504,261,131,168,4,0
14505,1063,317,738,8,3
14506,684,265,402,5,0
14507,339,39,231,6,0
14508,139,138,138,2,0
14511,365,138,263,5,2
14512,149,126,138,2,0
14513,299,19,152,3,0
14514,652,148,352,3,0
14515,583,13,350,6,2
14517,252,78,165,2,7
14518,174,174,174,1,0
14520,165,106,135,2,0
14522,482,71,244,4,4
14523,241,241,241,1,0
14524,412,100,208,9,2
14525,997,169,481,9,0
14527,361,13,155,55,3
14528,364,364,364,1,0
14529,262,135,207,3,6
14530,698,380,488,6,0
14532,387,141,233,4,0
14533,434,23,279,7,0
14534,745,120,247,18,0
14535,1210,800,955,3,0
14536,172,172,172,1,0
14537,356,356,356,1,0
14538,282,107,194,2,0
14539,465,72,269,2,7
14540,486,196,332,3,39
14541,316,38,183,8,0
14542,103,103,103,1,0
14543,388,15,227,16,0
14544,1122,903,1012,2,0
14546,727,314,516,5,3
14547,1117,153,501,8,39
14548,326,326,326,2,3
14549,289,289,289,1,0
14550,425,341,383,2,0
14551,125,61,93,2,0
14552,165,165,165,1,0
14553,211,110,172,5,0
14554,1219,83,595,4,0
14555,198,126,162,2,0
14557,788,788,788,1,35
14560,408,17,102,22,0
14561,514,222,360,3,18
14562,604,61,282,18,1
14565,1167,539,775,4,0
14566,1432,1432,1432,1,0
14567,801,730,765,2,0
14569,227,227,227,1,0
14570,168,50,109,2,0
14572,626,116,405,7,0
14573,413,2,184,9,0
14576,35,35,35,1,0
14577,347,121,215,4,16
14578,169,169,169,1,2
14581,139,139,139,1,0
14582,114,114,114,1,23
14583,310,140,211,5,2
14584,354,213,261,4,0
14585,157,157,157,1,1
14586,237,237,237,1,0
14587,221,128,178,9,0
14589,40,40,40,1,3
14591,620,204,362,4,6
14592,264,145,190,3,0
14593,278,120,206,3,0
14594,255,125,190,2,0
14595,1091,82,290,6,0
14597,718,165,442,2,0
14598,222,222,222,1,0
14600,393,393,393,1,1
14601,214,214,214,1,0
14603,660,660,660,1,8
14606,340,4,131,93,1
14607,2949,45,1184,14,0
14608,587,204,446,4,0
14609,191,115,150,4,0
14616,238,10,135,3,0
14618,257,84,184,3,0
14619,394,394,394,1,0
14620,235,177,206,2,0
14621,483,303,358,5,0
14622,321,321,321,1,0
14623,211,118,178,5,0
14624,210,16,113,2,0
14625,586,314,450,2,82
14626,984,587,698,4,28
14628,340,332,336,2,0
14629,605,354,480,2,0
14631,377,310,336,3,0
14632,115,115,115,1,1
14633,345,345,345,1,2
14636,310,300,305,2,4
14638,444,444,444,1,4
14639,948,47,497,6,0
14640,496,185,354,6,1
14641,110,110,110,1,0
14642,96,96,96,1,4
14643,358,336,347,2,4
14644,643,188,415,2,5
14645,357,240,299,2,0
14646,20278,0,3787,74,1
14647,243,243,243,1,0
14649,514,182,354,4,0
14651,416,238,327,2,0
14652,114,114,114,1,0
14653,414,17,278,7,0
14655,811,358,483,4,3
14656,158,133,146,2,7
14657,416,108,212,4,0
14658,124,123,124,2,0
14659,593,149,281,9,3
14660,157,129,143,2,3
14661,108,108,108,1,0
14662,269,101,193,4,5
14664,389,249,319,2,0
14665,560,82,367,5,0
14666,195,195,195,1,0
14667,1069,98,370,25,0
14669,428,416,423,3,0
14670,312,100,206,2,1
14672,480,285,383,2,0
14673,389,302,347,5,1
14675,605,605,605,1,0
14676,556,223,425,6,6
14680,3610,72,1797,16,0
14681,394,45,166,3,0
14682,31,21,26,2,0
14684,351,129,247,5,0
14687,628,628,628,1,27
14688,567,93,268,21,0
14689,113,113,113,1,3
14690,217,155,186,2,0
14691,835,71,423,5,0
14692,260,99,148,4,0
14693,173,173,173,1,0
14696,320,284,297,7,0
14697,99,89,94,2,2
14698,498,120,250,5,1
14699,109,109,109,1,62
14700,836,678,745,3,0
14701,584,7,283,9,0
14702,360,101,194,17,0
14703,318,318,318,1,0
14704,615,15,172,9,32
14705,179,179,179,1,0
14708,425,282,375,3,4
14709,588,33,379,13,0
14710,232,55,152,4,1
14711,527,149,261,11,0
14712,496,116,306,3,3
14713,372,125,242,11,0
14714,160,160,160,1,0
14715,347,110,217,4,0
14716,189,141,165,2,0
14719,406,223,320,5,15
14720,263,156,221,3,1
14722,188,188,188,1,0
14723,322,101,193,6,0
14725,718,718,718,1,0
14727,269,269,269,1,1
14729,313,313,313,1,1
14730,435,116,251,8,0
14731,129,123,127,3,2
14732,471,203,338,8,0
14733,1830,317,799,12,2
14735,557,15,190,32,0
14737,648,83,388,3,0
14738,327,17,188,7,0
14739,940,230,557,7,1
14740,556,371,483,3,0
14741,311,174,233,6,0
14744,328,1,157,7,0
14745,341,21,244,5,0
14747,328,328,328,1,0
14748,412,58,283,5,0
14752,390,390,390,1,0
14753,563,563,563,1,0
14754,410,228,319,2,2
14755,738,304,455,11,14
14756,739,739,739,1,11
14757,421,421,421,1,0
14758,655,224,371,4,2
14759,755,299,542,3,1
14760,89,89,89,1,4
14761,158,98,128,2,0
14762,301,301,301,1,2
14764,278,278,278,1,1
14765,159,15,85,3,1
14766,629,180,412,6,3
14768,133,59,96,2,0
14769,3845,313,1334,8,0
14770,598,279,438,2,0
14772,139,139,139,1,2
14775,407,295,337,3,0
14776,558,13,231,11,0
14778,397,334,365,2,0
14779,263,38,129,3,0
14780,333,115,224,2,2
14782,200,200,200,1,0
14784,175,115,145,2,0
14785,39,38,39,2,1
14788,368,311,340,2,0
14789,198,198,198,1,2
14790,217,152,186,4,1
14792,6,6,6,1,4
14793,229,229,229,1,0
14794,288,17,189,7,0
14795,131,131,131,1,0
14796,836,283,472,17,17
14798,76,22,58,3,3
14799,158,158,158,1,0
14800,800,0,362,12,0
14801,193,193,193,1,0
14803,542,115,282,3,0
14804,353,353,353,1,0
14805,190,109,139,4,0
14806,193,193,193,1,0
14808,680,13,343,8,0
14810,352,129,190,11,0
14813,128,27,78,2,2
14815,552,227,389,2,1
14816,272,272,272,1,2
14817,581,530,555,2,0
14818,291,118,219,3,24
14819,187,85,136,2,0
14820,140,102,127,4,0
14821,49,49,49,1,7
14823,142,69,107,3,0
14824,442,56,282,4,0
14825,291,101,186,12,0
14828,1064,494,713,3,0
14829,237,146,174,4,0
14830,197,197,197,1,21
14834,422,186,287,6,0
14836,76,3,34,3,0
14837,492,304,412,4,0
14840,63,63,63,1,0
14841,790,380,549,6,0
14842,1378,213,706,4,0
14844,932,669,797,4,0
14847,309,309,309,1,0
14849,814,10,317,25,0
14850,326,326,326,1,0
14851,305,206,256,2,0
14852,648,153,473,6,0
14853,261,215,238,2,0
14854,727,15,394,7,3
14855,339,306,323,2,0
14856,1003,10,437,3,3
14857,651,523,587,2,0
14859,630,38,338,4,2
14860,170,170,170,1,0
14861,126,126,126,1,0
14862,537,304,421,2,13
14863,267,267,267,1,0
14865,37,15,26,2,0
14866,5640,37,1199,12,4
14867,313,96,237,3,1
14868,559,17,369,8,0
14869,391,334,363,2,0
14870,327,327,327,1,1
14871,168,106,131,4,4
14873,520,520,520,1,0
14875,1103,362,733,2,0
14878,322,111,165,9,1
14880,343,129,235,3,1
14881,255,255,255,1,1
14882,342,248,295,2,0
14883,311,29,127,6,0
14885,765,765,765,1,0
14886,365,365,365,1,0
14887,1862,1862,1862,1,4
14888,369,369,369,1,1
14889,136,136,136,1,3
14890,126,126,126,1,1
14891,449,105,277,2,0
14893,809,429,619,2,0
14894,656,656,656,1,0
14895,2346,15,557,20,3
14896,257,212,234,2,0
14897,620,170,342,4,0
14898,400,99,217,6,0
14901,204,129,158,9,0
14902,333,333,333,1,1
14903,686,399,562,5,0
14904,628,397,513,2,0
14905,309,308,308,2,0
14907,971,17,500,7,0
14908,278,278,278,1,0
14910,214,8,109,4,0
14911,4345,1,716,201,0
14912,483,385,434,2,0
14913,315,301,307,4,0
14915,165,142,154,2,8
14916,406,266,317,4,0
14918,845,765,805,2,0
14920,572,406,489,2,3
14921,903,413,658,2,2
14923,749,749,749,1,4
14924,310,310,310,1,9
14929,224,224,224,1,0
14930,1104,166,791,3,1
14931,293,198,252,5,3
14932,364,364,364,1,0
14934,1062,829,945,2,5
14935,1785,1785,1785,1,226
14936,2060,33,1017,8,1
14937,760,212,541,3,0
14944,1309,20,492,12,1
14946,101,101,101,1,2
14947,179,112,145,2,0
14948,278,13,184,6,0
14950,371,371,371,1,0
14951,312,312,312,1,0
14952,2506,78,736,11,0
14953,290,290,290,1,0
14954,336,336,336,1,0
14957,58,58,58,1,1
14958,211,107,167,3,0
14959,244,115,174,4,1
14960,133,88,111,2,0
14961,1145,206,783,9,2
14962,127,127,127,1,1
14963,321,248,298,5,2
14964,206,206,206,1,0
14965,475,125,300,2,0
14966,191,191,191,1,1
14967,464,464,464,1,1
14968,148,148,148,1,0
14970,472,338,398,4,11
14971,616,9,372,3,0
14972,115,115,115,1,0
14973,655,303,438,3,0
14974,114,114,114,1,0
14975,280,280,280,1,2
14976,209,7,113,7,0
14978,453,310,386,5,5
14981,102,102,102,1,0
14984,110,103,107,2,0
14985,172,125,148,2,0
14987,163,163,163,2,0
14988,335,335,335,1,0
14995,119,114,117,2,0
14997,278,113,182,3,0
14998,246,184,215,2,0
15000,491,491,491,1,0
15002,632,254,410,4,0
15004,1246,1246,1246,1,0
15005,340,141,226,28,0
15006,502,502,502,1,0
15007,157,157,157,1,1
15009,593,320,421,3,0
15010,309,309,309,1,0
15012,232,191,212,2,0
15014,142,118,130,2,0
15016,170,170,170,1,0
15017,126,126,126,1,0
15018,205,111,165,3,0
15019,266,266,266,1,1
15021,309,32,213,9,0
15022,353,40,226,4,0
15023,1052,306,618,11,0
15024,444,9,166,10,0
15025,377,377,377,1,41
15026,238,109,156,3,0
15027,341,99,267,4,0
15028,308,19,157,4,0
15030,366,153,259,2,0
15031,231,111,167,4,0
15032,2747,24,1653,3,0
15033,570,37,259,10,0
15034,843,196,539,8,0
15035,253,253,253,1,1
15036,220,53,155,3,0
15038,173,15,118,6,7
15039,928,3,424,47,0
15041,180,180,180,1,1
15042,136,136,136,1,0
15043,537,537,537,1,0
15044,867,24,453,17,0
15045,389,347,368,2,2
15046,943,110,348,15,0
15047,344,344,344,1,0
15048,158,60,96,4,0
15049,121,121,121,1,3
15050,1293,30,594,3,3
15051,768,246,464,3,6
15052,216,216,216,1,0
15053,256,219,233,3,0
15054,168,134,151,2,3
15057,1131,359,745,2,6
15058,271,92,193,11,0
15059,199,3,149,9,0
15060,142,3,76,4,0
15061,5375,2,1136,48,8
15062,353,174,247,4,1
15063,371,371,371,1,1
15065,1452,299,790,4,0
15066,894,894,894,1,1
15067,848,358,582,3,0
15068,313,240,277,2,2
15069,1110,1110,1110,1,0
15070,106,106,106,1,0
15071,589,393,491,2,0
15073,431,181,348,3,0
15074,749,749,749,1,0
15075,773,773,773,1,0
15076,881,881,881,1,2
15078,590,15,304,32,0
15079,367,72,224,4,7
15081,137,80,101,5,0
15083,88,88,88,1,0
15087,307,307,307,1,3
15088,864,296,580,2,11
15089,1222,100,403,6,0
15090,381,381,381,1,0
15091,481,481,481,1,0
15092,323,135,229,2,0
15093,1220,570,766,6,0
15095,771,20,343,4,22
15096,219,219,219,1,0
15097,248,248,248,1,0
15098,38970,297,13306,3,0
15099,410,410,410,1,11
15100,350,175,292,3,1
15101,215,102,159,2,2
15103,412,292,352,2,0
15104,653,375,514,2,0
15105,615,15,328,7,3
15106,411,120,285,5,0
15107,116,9,53,6,0
15108,677,45,325,4,1
15109,485,485,485,1,0
15110,316,170,249,4,4
15111,949,289,522,3,2
15113,2243,78,1203,3,0
15114,508,136,276,10,0
15115,340,340,340,1,2
15116,480,150,338,4,0
15117,526,2,310,5,3
15118,245,245,245,1,1
15119,266,266,266,1,0
15120,359,359,359,1,2
15121,295,163,229,2,0
15122,703,397,545,3,2
15123,1130,1069,1100,2,3
15124,93,91,92,2,1
15125,3841,50,769,15,3
15127,407,407,407,1,5
15128,484,301,368,4,0
15129,651,15,313,11,1
15130,330,330,330,1,0
15132,352,30,196,5,0
15133,333,325,327,3,0
15134,283,110,173,8,1
15135,139,139,139,1,0
15136,583,45,322,4,0
15139,122,57,89,2,1
15140,567,34,336,7,0
15142,499,499,499,1,5
15143,259,259,259,1,0
15144,1031,16,387,17,0
15145,422,158,299,4,13
15146,834,493,664,2,0
15147,624,624,624,1,9
15148,301,301,301,1,0
15149,521,521,521,1,0
15150,1654,30,531,10,0
15152,756,263,365,13,0
15153,329,329,329,1,0
15154,296,296,296,1,1
15156,391,252,320,3,1
15157,1085,420,645,3,0
15158,401,401,401,1,1
15159,3092,13,621,30,0
15160,158,158,158,1,0
15163,155,149,152,2,1
15164,475,173,281,3,0
15165,488,488,488,1,4
15167,163,163,163,1,1
15168,107,107,107,1,0
15171,1290,1290,1290,1,0
15172,376,180,325,5,1
15174,136,136,136,1,7
15175,224,224,224,1,0
15178,41,41,41,1,7
15179,1286,68,441,5,0
15180,88,88,88,1,8
15181,300,135,230,3,0
15182,370,252,311,2,10
15184,235,172,203,2,0
15185,311,311,311,1,0
15186,229,182,206,2,0
15187,607,15,299,16,0
15189,1284,3,396,41,0
15192,423,306,348,3,0
15193,499,499,499,1,2
15194,1422,305,508,15,0
15195,3861,3861,3861,1,0
15197,557,217,360,3,0
15198,108,86,97,2,0
15199,353,301,317,4,2
15201,303,30,247,5,0
15203,481,189,305,6,2
15204,317,317,317,1,0
15205,476,177,327,2,0
15206,184,18,105,4,0
15208,258,65,174,5,0
15210,331,331,331,1,2
15211,511,383,447,2,20
15212,102,102,102,1,0
15213,313,15,164,2,0
15214,515,105,208,8,16
15215,381,54,245,3,0
15216,97,97,97,1,4
15218,808,82,523,11,0
15219,306,306,306,1,0
15220,495,89,296,6,28
15221,403,403,403,1,0
15222,585,585,585,1,0
15223,455,301,378,2,1
15224,310,12,161,2,0
15225,409,409,409,1,1
15226,154,154,154,1,0
15227,318,30,244,5,0
15228,1163,349,847,4,2
15230,370,59,215,2,1
15232,310,302,306,2,0
15234,197,197,197,1,8
15235,530,72,187,12,0
15236,321,321,321,1,0
15237,939,84,353,4,0
15238,473,299,357,3,2
15239,462,319,390,2,6
15240,416,313,341,5,0
15241,395,67,220,8,12
15243,317,317,317,1,2
15244,334,298,316,2,0
15245,1251,486,839,3,0
15246,328,186,257,2,0
15247,356,356,356,1,1
15249,1002,282,514,13,0
15251,2846,178,953,11,0
15252,440,301,370,2,0
15253,395,21,184,5,0
15254,300,300,300,1,0
15255,891,891,891,1,0
15256,98,98,98,1,2
15257,317,317,317,1,3
15258,316,308,312,2,5
15260,388,58,259,7,1
15261,255,255,255,1,0
15262,179,179,179,1,0
15263,157,157,157,1,0
15264,394,394,394,1,0
15265,794,712,753,2,0
15266,119,119,119,1,8
15267,1036,60,343,5,10
15269,409,409,409,1,0
15270,537,265,340,7,2
15271,364,80,167,15,0
15272,423,299,361,2,0
15274,384,333,358,2,0
15275,615,615,615,1,1
15276,135,135,135,1,0
15277,256,256,256,1,1
15279,291,291,291,1,0
15280,113,113,113,1,0
15281,780,48,259,9,0
15286,241,241,241,1,0
15287,341,146,243,2,0
15288,987,166,461,5,0
15289,375,242,313,3,0
15290,1510,35,441,18,0
15291,461,45,311,15,7
15292,181,181,181,1,1
15296,1199,14,612,6,0
15297,262,150,214,3,0
15298,990,12,400,12,1
15299,1003,304,644,7,0
15300,496,496,496,1,0
15301,673,37,423,12,2
15303,574,574,574,1,0
15304,123,51,87,8,11
15306,517,312,391,3,0
15307,205,205,205,1,1
15308,310,310,310,1,0
15311,4041,25,668,91,1
15312,318,130,231,4,8
15313,52,52,52,1,6
15314,328,328,328,1,0
15315,337,234,285,2,6
15316,165,165,165,1,2
15318,313,313,313,1,2
15319,205,205,205,1,5
15320,267,267,267,1,0
15321,1239,350,916,3,4
15322,680,680,680,1,0
15325,162,162,162,1,3
15326,312,312,312,1,0
15327,209,209,209,1,0
15329,445,296,350,3,2
15330,395,320,357,2,112
15332,1145,15,415,4,1
15333,1029,1029,1029,1,0
15334,128,110,117,3,0
15335,174,174,174,1,1
15339,316,258,287,2,0
15341,2021,2021,2021,1,0
15342,406,406,406,1,0
15343,365,365,365,1,0
15344,309,103,188,3,11
15345,394,394,394,1,7
15346,252,252,252,1,0
15347,202,202,202,1,0
15348,158,158,158,1,0
15349,366,108,237,2,5
15350,116,116,116,1,0
15351,602,103,280,7,0
15353,465,312,389,2,0
15355,151,126,139,2,0
15356,406,150,277,10,0
15358,830,52,379,22,2
15360,428,428,428,1,0
15361,419,419,419,1,2
15363,326,326,326,1,0
15364,581,332,457,2,6
15365,765,15,331,7,3
15366,497,106,301,2,0
15367,765,27,469,4,0
15368,447,447,447,1,0
15370,570,33,341,7,0
15372,2007,2007,2007,1,0
15373,362,17,201,12,8
15374,168,168,168,1,0
15376,654,244,411,3,0
15379,1491,131,529,7,0
15380,422,230,338,5,10
15381,315,282,298,2,0
15382,2583,26,993,6,0
15384,339,304,321,2,1
15385,317,317,317,1,0
15386,394,394,394,1,37
15388,141,141,141,1,0
15389,500,500,500,1,1
15392,566,304,384,4,0
15393,124,108,116,2,1
15394,849,329,546,4,1
15395,107,107,107,1,0
15396,288,288,288,1,5
15397,94,94,94,1,0
15398,711,635,673,2,0
15399,305,244,272,3,2
15400,346,67,143,5,1
15402,441,186,313,2,0
15405,349,349,349,1,4
15406,258,252,255,2,2
15407,411,165,264,4,0
15408,267,267,267,1,0
15410,810,152,431,8,0
15411,609,156,340,4,0
15412,191,191,191,1,1
15414,385,36,258,3,0
15415,573,573,573,1,0
15416,1375,840,996,4,0
15417,509,509,509,1,0
15419,136,136,136,1,0
15421,406,38,238,4,1
15422,56,42,49,2,0
15423,44,44,44,1,1
15424,194,190,192,2,0
15426,446,44,289,5,0
15427,606,371,494,3,5
15428,94,94,94,1,0
15429,243,154,199,2,0
15432,171,171,171,1,0
15433,373,161,267,2,1
15434,307,33,208,5,0
15435,149,149,149,1,0
15436,489,263,374,3,0
15437,200,200,200,1,1
15438,157,157,157,1,0
15440,146,112,128,3,0
15442,594,594,594,1,0
15443,688,247,462,7,0
15444,1075,343,709,2,0
15445,114,114,114,1,0
15447,155,155,155,1,8
15448,495,495,495,1,0
15449,346,302,325,3,0
15450,430,430,430,1,1
15452,247,125,180,3,0
15453,350,135,198,7,12
15454,179,179,179,1,4
15456,243,18,149,3,0
15457,237,237,237,1,0
15458,162,162,162,1,0
15460,217,217,217,1,0
15462,105,65,78,3,0
15463,126,126,126,1,0
15464,1049,1049,1049,1,3
15465,786,149,409,18,0
15466,335,335,335,1,0
15467,288,114,175,3,0
15468,448,20,234,2,0
15469,304,234,269,2,2
15471,469,469,469,1,0
15472,372,372,372,1,0
15473,547,102,253,7,0
15475,454,454,454,1,0
15478,827,615,721,2,0
15480,906,906,906,1,0
15482,2211,40,921,12,0
15483,115,19,58,4,0
15484,1637,394,899,4,0
15485,1296,329,858,3,0
15488,91,91,91,1,0
15489,443,343,378,3,7
15491,838,184,517,6,0
15492,488,172,330,2,1
15493,539,263,400,5,5
15494,1127,172,650,2,3
15497,971,292,631,2,0
15498,1761,17,493,27,0
15500,406,147,283,4,3
15502,3315,34,865,12,0
15503,147,147,147,1,0
15504,53,53,53,1,0
15505,944,502,722,5,29
15506,465,209,326,3,0
15507,492,492,492,1,1
15508,311,15,167,6,0
15510,250,250,250,1,0
15511,230,119,182,5,5
15512,101,20,61,2,1
15513,2520,5,777,19,0
15514,1136,30,376,11,2
15516,47,6,21,3,0
15517,267,267,267,1,1
15518,407,2,243,8,11
15520,344,344,344,1,0
15521,673,17,375,8,39
15522,260,139,199,2,0
15523,412,412,412,1,0
15524,440,440,440,1,2
15525,315,197,275,3,0
15526,129,20,74,2,0
15527,641,180,304,8,0
15528,229,229,229,1,0
15529,817,26,363,11,0
15530,553,178,376,4,0
15531,1522,485,1004,2,6
15532,545,324,395,4,40
15533,450,105,269,3,0
15535,270,22,134,4,0
15537,111,111,111,1,6
15539,538,538,538,1,0
15540,213,213,213,1,15
15541,85,85,85,1,0
15543,128,128,128,1,0
15544,560,318,394,9,0
15545,157,135,146,2,2
15547,767,15,354,14,0
15549,942,62,564,3,3
15550,154,138,144,4,0
15551,436,436,436,1,2
15552,90,90,90,1,0
15553,437,437,437,1,0
15554,217,217,217,1,7
15555,620,124,300,16,3
15556,280,280,280,1,3
15557,474,474,474,1,0
15561,351,5,200,4,0
15562,135,135,135,1,0
15563,656,9,350,4,0
15565,89,84,87,2,0
15567,186,186,186,1,2
15568,336,194,253,3,0
15569,353,245,275,5,0
15570,959,35,347,12,1
15571,202,122,163,4,0
15572,679,195,365,7,0
15573,411,197,304,2,0
15574,376,4,176,4,0
15576,941,941,941,1,0
15577,157,30,86,3,26
15578,127,127,127,1,0
15579,200,149,174,2,0
15581,2500,5,283,13,4
15582,304,141,228,3,0
15584,288,138,181,4,4
15585,455,455,455,1,0
15587,345,112,228,4,0
15589,264,30,160,3,0
15592,389,389,389,1,0
15593,200,200,200,1,7
15594,718,83,354,5,0
15596,402,17,281,5,0
15597,325,325,325,1,0
15598,241,241,241,1,0
15599,449,313,381,2,0
15601,781,178,484,14,0
15602,402,47,144,9,0
15603,48,48,48,1,0
15604,216,216,216,1,1
15605,313,183,240,5,0
15606,481,280,324,9,2
15607,105,105,105,1,0
15608,661,25,273,4,0
15609,298,298,298,1,1
15610,112,112,112,1,1
15611,385,6,122,13,0
15612,126,70,98,2,0
15615,1049,15,452,23,1
15618,358,74,194,4,7
15619,336,336,336,1,1
15620,678,424,518,3,2
15621,563,13,323,4,0
15622,1537,42,412,9,4
15623,301,301,301,1,7
15624,209,68,147,4,0
15625,695,250,384,4,0
15626,394,282,338,2,0
15628,416,203,319,9,14
15630,789,397,593,2,0
15632,627,301,411,8,0
15634,244,244,244,1,2
15636,418,307,362,2,0
15637,223,223,223,1,2
15639,425,425,425,1,0
15640,1486,45,834,15,6
15641,582,308,472,4,4
15643,337,39,221,3,0
15644,390,36,203,4,4
15645,612,612,612,1,2
15646,190,108,149,3,29
15648,341,317,329,2,0
15649,510,306,408,2,0
15651,305,114,215,3,4
15652,338,338,338,1,0
15653,829,48,439,2,2
15654,595,328,461,2,1
15655,561,561,561,1,10
15656,257,64,187,4,0
15657,30,30,30,1,0
15658,419,8,205,5,0
15659,306,306,306,1,2
15660,372,10,178,9,0
15661,194,116,155,2,11
15663,138,138,138,1,0
15664,386,386,386,1,3
15665,1476,766,1121,2,0
15667,301,301,301,1,0
15668,76,76,76,1,1
15669,236,119,171,4,3
15670,173,173,173,1,0
15671,638,301,380,7,0
15673,970,319,720,4,0
15674,1067,335,489,5,0
15675,180,45,108,3,0
15676,2370,168,1145,3,3
15677,657,657,657,1,0
15678,353,353,353,1,0
15679,474,47,195,4,8
15680,543,312,445,3,0
15681,480,25,285,5,4
15683,194,194,194,1,0
15687,562,30,333,9,0
15689,151,104,127,2,2
15690,129,111,120,2,0
15691,137,137,137,1,0
15692,191,191,191,1,0
15694,1410,15,463,14,2
15695,360,50,205,2,0
15696,720,20,342,8,3
15699,310,310,310,1,0
15700,693,4,348,2,21
15701,857,111,386,4,0
15703,212,212,212,1,14
15704,939,38,573,4,0
15705,143,143,143,1,0
15706,450,80,265,4,0
15707,308,167,236,4,0
15708,664,197,481,7,14
15709,133,133,133,1,0
15712,308,100,214,5,2
15713,186,171,178,2,0
15714,198,132,165,2,0
15716,547,115,280,4,0
15717,150,150,150,1,0
15719,617,184,388,13,1
15720,599,599,599,1,0
15721,507,507,507,1,6
15722,714,84,445,5,0
15723,203,203,203,1,3
15724,115,104,109,2,0
15725,415,415,415,1,0
15727,1537,375,740,7,0
15729,85,85,85,1,0
15730,467,310,374,3,4
15732,156,138,147,2,0
15733,162,162,162,1,9
15734,761,579,670,2,0
15737,476,15,151,8,0
15738,392,17,301,16,1
15739,449,449,449,1,0
15740,155,155,155,1,0
15743,323,112,196,4,0
15744,35,35,35,1,1
15745,310,177,274,4,0
15746,197,197,197,1,0
15747,425,243,325,3,3
15748,149,149,149,1,0
15749,21536,7838,14845,3,1
15750,508,39,308,8,0
15752,533,243,377,7,0
15753,79,79,79,1,4
15754,212,92,153,3,1
15755,601,288,394,6,3
15756,168,116,133,4,0
15757,453,261,357,2,0
15758,205,205,205,1,0
15759,97,68,84,3,9
15762,315,268,292,2,3
15763,564,522,543,2,0
15764,1565,3,547,6,0
15766,315,315,315,1,0
15768,354,125,207,3,0
15769,10065,92,2164,26,3
15773,636,636,636,1,1
15774,271,271,271,1,0
15775,105,105,105,1,0
15776,242,242,242,1,5
15777,366,102,262,4,2
15780,226,73,158,3,1
15781,134,83,115,3,0
15782,1638,450,872,3,1
15783,246,246,246,1,8
15785,929,17,466,5,0
15786,3161,84,1644,3,0
15787,492,87,316,3,0
15789,351,351,351,1,0
15790,221,221,221,1,0
15791,1223,389,806,2,2
15793,354,305,322,3,8
15795,610,610,610,1,0
15796,448,253,339,8,1
15797,1495,15,552,4,17
15799,403,161,295,3,0
15800,455,245,350,2,0
15801,870,57,355,3,0
15802,451,451,451,1,0
15803,416,416,416,1,1
15804,600,20,324,13,0
15805,1062,18,325,17,1
15806,300,222,262,3,1
15807,636,17,301,3,0
15808,1228,734,934,4,4
15809,199,16,103,5,13
15810,507,31,348,4,0
15811,479,149,370,6,0
15812,533,214,360,5,0
15813,771,533,652,2,1
15814,599,368,486,4,1
15815,514,226,420,5,0
15819,640,320,476,4,2
15820,207,207,207,1,0
15821,317,254,285,2,0
15822,445,440,443,2,0
15823,15,15,15,1,5
15825,533,533,533,1,2
15826,878,56,551,3,0
15827,238,30,131,14,11
15829,325,311,318,2,6
15830,576,576,576,1,0
15831,351,141,267,3,0
15832,837,837,837,1,2
15834,1031,250,558,4,8
15835,301,187,239,4,23
15836,137,137,137,1,6
15837,392,392,392,1,0
15838,10993,179,1771,19,0
15839,491,258,349,3,2
15840,242,114,178,2,0
15841,332,282,306,4,0
15843,119,119,119,1,0
15844,131,131,131,1,0
15845,929,301,464,8,0
15847,209,181,195,2,16
15850,120,119,119,2,0
15852,103,58,80,2,1
15853,111,111,111,1,19
15854,446,22,248,12,0
15855,238,96,142,5,2
15856,1571,20,607,27,1
15857,297,297,297,1,0
15858,432,154,288,5,3
15860,293,25,122,8,0
15861,600,165,396,8,2
15862,354,137,208,4,0
15863,60,9,34,2,2
15864,544,153,323,6,3
15865,314,290,298,3,1
15866,231,231,231,1,3
15867,566,113,254,15,0
15869,88,62,75,2,0
15870,354,354,354,1,2
15872,359,2,180,2,0
15874,2198,45,629,7,0
15877,251,242,247,2,0
15880,343,343,343,1,0
15881,339,2,100,5,0
15882,271,10,129,4,0
15883,253,144,198,2,8
15885,349,15,126,3,0
15886,181,181,181,1,0
15888,168,168,168,1,0
15889,298,149,223,2,1
15891,525,525,525,1,0
15894,157,107,132,2,0
15895,179,179,179,1,4
15897,120,102,111,2,0
15898,386,139,278,5,0
15899,56,56,56,1,2
15900,351,351,351,1,0
15901,131,110,121,3,0
15903,1568,161,732,7,0
15904,165,165,165,1,17
15906,590,24,224,7,2
15907,438,251,322,3,1
15909,192,192,192,1,3
15910,247,113,154,8,1
15912,141,123,132,2,0
15916,372,90,191,8,0
15917,123,123,123,1,0
15918,192,142,167,2,2
15919,369,271,320,2,0
15920,98,2,42,4,0
15921,336,336,336,1,0
15922,370,370,370,1,0
15923,127,127,127,1,0
15925,207,207,207,1,1
15930,427,427,427,1,0
15932,339,300,312,8,0
15933,412,316,369,3,0
15935,309,108,208,2,1
15937,145,145,145,1,0
15938,105,63,81,5,1
15939,1265,15,408,15,0
15940,36,36,36,1,0
15942,337,337,337,1,0
15944,325,325,325,1,0
15945,181,181,181,1,5
15947,1708,1708,1708,1,0
15948,644,311,478,2,0
15949,237,128,182,2,0
15950,663,256,441,4,0
15951,375,333,354,2,0
15952,254,95,202,4,1
15953,261,158,207,8,0
15955,572,9,315,14,0
15957,429,429,429,1,0
15958,104,104,104,1,4
15963,280,191,235,2,0
15965,506,33,211,4,0
15967,245,174,209,2,0
15969,309,135,222,3,0
15970,314,314,314,1,1
15971,762,23,350,12,1
15973,308,308,308,1,0
15974,769,148,492,7,0
15975,371,371,371,1,0
15976,221,210,215,2,0
15977,699,356,527,2,0
15978,1099,1099,1099,1,0
15980,1469,170,800,3,5
15981,600,231,426,8,2
15983,441,325,369,4,0
15984,683,105,284,10,5
15985,900,243,571,2,2
15986,168,168,168,1,0
15987,403,9,207,7,0
15988,158,158,158,1,0
15990,401,391,396,2,0
15992,42,42,42,1,0
15993,864,17,400,7,1
15994,427,427,427,1,0
15996,263,112,177,6,0
15998,919,330,618,5,2
16000,8345,2003,4131,3,1
16003,1181,39,547,5,0
16005,178,120,154,4,0
16006,101,101,101,1,0
16007,752,217,425,4,0
16008,192,139,160,3,0
16009,462,59,248,4,0
16010,179,110,136,3,0
16011,394,116,210,16,5
16012,767,283,472,3,1
16013,2251,41,790,47,0
16014,267,132,221,3,0
16015,301,202,235,3,0
16016,382,89,189,8,0
16017,212,212,212,1,0
16018,247,162,204,2,8
16019,1129,101,421,9,0
16020,519,17,284,3,1
16022,628,628,628,1,3
16023,323,178,240,3,0
16024,251,251,251,1,0
16025,440,440,440,1,0
16026,236,236,236,1,0
16027,321,79,156,6,0
16029,8143,90,1286,63,0
16030,331,331,331,1,0
16031,306,243,274,2,0
16033,1193,20,441,20,0
16034,154,138,146,3,0
16036,570,189,379,2,12
16037,303,252,285,3,3
16038,317,76,157,3,2
16040,454,422,438,3,2
16041,2065,427,1055,3,0
16042,435,25,239,5,0
16043,308,98,193,4,5
16045,664,197,335,4,0
16048,251,5,128,2,0
16049,509,115,371,3,0
16050,138,138,138,1,0
16052,362,362,362,1,0
16053,1124,388,756,2,0
16054,784,784,784,1,1
16055,135,135,135,1,32
16056,665,665,665,1,0
16057,719,35,323,7,0
16059,403,105,243,6,15
16062,375,200,288,4,0
16063,335,335,335,1,0
16065,372,372,372,1,0
16066,391,177,304,5,2
16070,687,165,426,2,0
16071,326,326,326,1,0
16072,584,584,584,1,4
16073,122,122,122,1,0
16076,418,52,223,10,0
16078,79,79,79,1,1
16079,530,314,451,3,0
16080,130,87,109,2,0
16081,1600,158,561,5,0
16083,980,338,659,2,0
16084,436,436,436,1,0
16085,295,120,196,5,0
16086,313,101,224,5,0
16091,158,157,158,2,13
16092,311,224,273,3,0
16093,17,17,17,1,1
16094,432,78,270,4,0
16096,321,321,321,1,0
16097,185,185,185,1,0
16098,431,158,287,7,0
16099,318,140,244,3,0
16101,1291,1291,1291,1,0
16102,840,449,614,3,0
16103,351,17,238,6,1
16104,302,302,302,1,2
16105,337,337,337,1,0
16106,108,108,108,1,0
16107,642,317,458,7,1
16108,843,843,843,1,0
16109,315,297,306,2,0
16110,644,284,446,3,0
16112,72,23,49,4,0
16113,161,161,161,1,1
16114,136,136,136,1,0
16115,361,139,208,8,2
16116,613,613,613,1,0
16117,232,232,232,1,4
16119,309,114,212,2,0
16120,997,17,327,4,0
16121,579,288,434,2,0
16122,300,106,171,4,0
16123,308,308,308,1,7
16124,249,249,249,1,0
16125,289,289,289,1,0
16126,2581,891,1572,4,0
16127,656,656,656,1,0
16128,717,190,376,5,0
16131,1178,17,584,6,0
16133,2210,79,442,33,1
16134,335,284,309,2,0
16135,518,518,518,1,0
16136,407,143,236,3,0
16139,329,140,212,3,0
16140,601,124,363,2,0
16141,620,620,620,1,0
16142,535,535,535,1,1
16143,476,356,404,6,0
16144,175,175,175,1,0
16145,490,303,345,11,2
16146,386,75,245,3,0
16147,375,375,375,1,0
16148,76,76,76,1,0
16149,164,117,140,2,5
16150,571,304,411,5,0
16152,1829,1829,1829,1,0
16153,801,187,365,5,0
16156,680,35,347,9,0
16157,248,168,219,3,0
16159,348,348,348,1,26
16160,802,224,513,2,3
16161,534,86,293,19,0
16162,37,37,37,1,0
16163,442,415,428,2,1
16164,335,242,274,3,0
16168,276,42,140,27,2
16169,587,317,456,4,0
16170,324,305,314,6,0
16171,73,73,73,1,1
16172,352,33,228,5,0
16173,429,109,236,6,13
16174,383,304,337,3,0
16175,301,194,259,4,0
16177,332,332,332,1,0
16178,198,198,198,1,0
16179,216,216,216,1,19
16180,2317,414,1282,8,0
16181,306,306,306,1,0
16182,2327,825,1654,4,9
16183,339,339,339,1,1
16184,316,105,193,6,0
16185,335,194,265,2,2
16186,666,60,334,12,28
16187,911,64,461,15,0
16188,414,152,245,4,1
16189,144,71,108,2,1
16190,215,215,215,1,1
16191,927,15,399,13,0
16193,314,314,314,1,2
16198,401,401,401,1,0
16200,551,530,540,2,0
16201,571,304,466,4,3
16202,365,365,365,1,0
16203,215,60,148,4,0
16204,406,406,406,1,0
16205,323,111,190,4,0
16206,161,121,134,4,0
16207,394,394,394,1,14
16208,498,167,332,2,0
16209,1336,146,453,5,0
16210,3599,10,1171,18,0
16211,547,547,547,1,1
16212,498,192,345,2,0
16213,159,159,159,1,1
16214,543,207,354,3,2
16215,242,242,242,1,0
16216,915,915,915,1,0
16217,183,121,152,2,0
16218,925,116,441,7,17
16221,549,149,288,3,0
16222,847,847,847,1,0
16224,429,167,324,4,0
16225,353,90,219,5,4
16226,131,15,85,3,0
16227,314,314,314,1,1
16229,652,358,505,2,0
16230,276,266,271,2,0
16232,359,173,248,4,0
16233,210,147,179,3,0
16235,321,10,173,5,0
16236,432,432,432,1,0
16239,348,66,207,2,0
16240,1894,1825,1859,2,1
16241,609,34,201,13,2
16242,848,182,515,7,0
16243,215,194,205,2,0
16244,1057,466,761,2,0
16245,644,316,471,3,0
16247,115,115,115,1,4
16248,153,153,153,1,6
16249,815,89,360,5,0
16250,226,163,195,2,0
16253,1983,1700,1842,2,0
16255,439,168,327,8,0
16256,752,752,752,1,0
16257,47,47,47,1,1
16258,1462,755,1041,5,0
16260,1035,1035,1035,1,0
16261,255,144,187,4,1
16265,803,189,605,9,3
16266,162,101,123,7,2
16268,494,174,334,2,0
16270,1141,1141,1141,1,2
16271,521,15,286,5,7
16272,412,412,412,1,0
16274,358,358,358,1,1
16275,560,560,560,1,0
16276,811,811,811,1,0
16278,566,566,566,1,3
16279,779,359,503,3,0
16281,2062,2062,2062,1,0
16282,168,168,168,1,0
16283,744,110,314,5,0
16284,425,399,412,2,21
16287,143,143,143,1,1
16292,302,302,302,1,4
16293,379,66,225,10,1
16295,356,303,332,4,0
16297,302,302,302,1,0
16298,245,114,199,3,0
16302,233,233,233,1,0
16303,3209,827,1787,3,3
16305,361,361,361,1,2
16306,335,5,105,6,0
16308,960,320,640,4,0
16309,372,334,353,2,0
16311,402,215,308,2,1
16313,168,107,137,2,0
16315,226,226,226,1,0
16316,806,17,367,8,0
16317,571,308,447,3,0
16318,328,328,328,1,2
16319,404,404,404,1,2
16320,853,186,519,2,0
16321,88,68,75,5,0
16322,213,114,163,2,2
16323,208,208,208,1,0
16324,258,4,143,3,0
16325,225,178,198,3,2
16326,381,109,222,14,2
16327,729,536,641,6,0
16330,203,22,84,3,3
16332,469,122,228,7,0
16333,5727,178,1210,22,1
16337,151,151,151,1,5
16338,215,215,215,1,0
16339,110,110,110,1,3
16340,549,549,549,1,0
16341,798,57,493,4,2
16342,137,39,81,4,0
16343,192,178,185,2,0
16344,101,101,101,1,0
16345,575,575,575,1,5
16347,444,443,444,2,0
16348,298,128,210,7,0
16349,54,54,54,1,0
16350,435,115,279,4,0
16351,154,154,154,1,4
16352,290,205,247,2,0
16353,788,102,290,23,0
16354,366,30,198,2,0
16356,108,2,71,3,2
16357,401,120,220,3,1
16358,672,433,507,4,0
16359,423,92,195,9,2
16360,1007,211,585,6,1
16361,335,115,224,4,0
16362,338,8,147,5,0
16363,109,109,109,1,0
16364,359,348,354,2,0
16365,397,13,171,9,0
16366,327,327,327,1,7
16367,634,171,402,2,0
16368,302,195,249,2,0
16369,702,354,518,3,0
16370,407,271,330,4,0
16372,344,24,184,2,0
16374,317,156,237,2,0
16376,874,113,494,2,0
16377,676,676,676,1,3
16378,144,76,121,3,0
16379,824,402,539,4,0
16380,1781,1781,1781,1,0
16383,359,309,334,2,0
16384,409,175,292,2,1
16385,281,127,185,3,0
16386,256,61,159,2,1
16387,94,94,94,1,4
16389,551,120,346,4,9
16392,221,221,221,1,0
16393,380,107,234,13,9
16394,314,307,311,5,0
16395,517,149,297,5,0
16398,1170,536,853,2,0
16399,230,178,204,2,0
16400,304,304,304,1,0
16401,488,178,342,12,0
16402,212,88,150,2,0
16403,178,178,178,1,0
16404,443,443,443,1,0
16405,160,7,84,2,0
16406,163,163,163,1,3
16407,453,16,213,10,0
16409,609,236,406,5,0
16411,132,83,107,2,1
16412,152,152,152,1,0
16413,262,262,262,1,0
16414,75,51,63,2,0
16415,210,210,210,1,0
16416,373,334,350,3,0
16418,307,146,225,3,0
16419,264,63,162,6,1
16422,2353,17,680,51,0
16423,346,346,346,1,28
16424,134,134,134,1,17
16425,303,303,303,1,0
16426,328,46,191,10,4
16427,131,110,121,2,0
16429,285,285,285,1,0
16430,301,301,301,1,12
16431,299,74,214,3,0
16432,287,287,287,1,5
16433,184,184,184,1,0
16434,401,122,217,7,0
16438,204,115,160,5,0
16440,1103,272,728,5,0
16441,211,170,191,2,0
16442,285,152,206,3,0
16444,301,113,164,4,0
16445,231,231,231,1,0
16446,168470,3,84236,2,0
16447,259,259,259,1,0
16448,189,189,189,1,2
16449,417,291,354,2,0
16450,312,312,312,1,1
16451,267,267,267,1,30
16454,6,1,3,2,0
16455,518,135,263,7,1
16456,787,124,432,5,0
16457,208,208,208,1,0
16458,255,158,193,18,0
16460,303,253,272,3,1
16461,151,151,151,1,0
16462,68,34,45,3,0
16463,491,303,356,4,0
16464,613,316,438,3,0
16466,359,112,229,7,0
16468,75,75,75,1,0
16469,188,98,163,4,0
16470,223,129,191,4,0
16471,224,224,224,1,0
16473,149,68,105,3,0
16474,581,8,267,7,2
16475,310,58,136,4,0
16477,495,215,356,7,1
16478,203,33,110,3,0
16479,231,70,150,2,0
16480,769,769,769,1,3
16482,221,221,221,1,0
16483,139,139,139,1,0
16484,286,119,202,2,1
16485,364,364,364,1,0
16488,219,136,166,3,0
16491,732,732,732,1,0
16493,569,128,338,4,0
16494,827,827,827,1,0
16495,438,9,228,3,0
16496,737,414,533,3,1
16497,1415,144,494,6,3
16498,91,10,50,2,0
16499,218,147,183,2,0
16500,165,30,67,6,0
16503,488,252,358,4,0
16504,484,484,484,1,1
16505,778,778,778,1,0
16506,55,35,45,2,1
16509,364,364,364,1,8
16510,248,248,248,1,0
16511,368,242,317,3,0
16513,554,90,219,4,0
16515,377,263,325,5,0
16516,102,102,102,1,0
16517,163,163,163,1,0
16518,294,191,242,2,0
16519,111,104,108,2,1
16520,424,297,349,3,0
16523,849,33,448,21,2
16525,975,300,501,26,0
16526,290,290,290,1,6
16527,228,228,228,1,0
16528,244,244,244,1,0
16529,455,455,455,1,2
16531,246,93,178,7,0
16532,2606,1910,2250,3,1
16533,611,108,365,3,3
16535,594,594,594,1,0
16536,549,549,549,1,2
16539,442,305,347,4,0
16542,120,120,120,1,0
16545,339,339,339,1,0
16546,488,299,394,2,0
16549,1079,119,415,10,0
16550,555,346,460,5,0
16551,311,305,307,3,0
16552,284,95,190,2,0
16553,951,162,477,12,0
16554,523,1,279,3,0
16555,152,134,143,2,2
16556,757,311,473,7,0
16557,181,101,141,2,1
16558,1257,174,417,20,8
16560,509,332,421,2,17
16561,265,246,256,2,0
16563,1078,1078,1078,1,0
16565,174,174,174,1,0
16566,185,38,123,5,0
16567,558,308,433,2,0
16569,124,124,124,1,0
16570,710,13,374,10,4
16571,525,437,474,3,0
16572,367,300,337,3,1
16573,371,293,332,2,0
16574,451,451,451,1,0
16581,106,106,106,1,0
16582,314,314,314,1,6
16583,233,233,233,1,0
16584,612,324,468,2,10
16586,464,464,464,1,0
16587,225,225,225,1,0
16589,245,97,153,3,2
16591,214,214,214,1,22
16592,918,10,257,16,0
16593,186,70,110,3,0
16594,181,181,181,1,0
16595,360,360,360,1,14
16596,130,121,125,2,1
16597,90,90,90,1,0
16598,145,145,145,1,0
16600,240,104,136,6,0
16601,245,245,245,1,1
16602,528,528,528,1,0
16603,297,186,241,2,0
16607,422,14,239,14,7
16609,1464,347,785,7,19
16610,76,76,76,1,1
16611,129,129,129,1,4
16612,429,161,297,4,0
16613,619,619,619,1,1
16614,506,506,506,1,2
16616,290,210,250,2,0
16617,152,152,152,1,0
16618,1206,17,530,5,3
16619,226,226,226,1,0
16620,96,83,89,2,0
16621,328,119,203,4,0
16623,129,129,129,1,0
16624,426,384,405,2,6
16625,333,333,333,1,0
16626,796,13,260,17,0
16627,323,323,323,1,0
16628,568,352,438,5,0
16629,237,181,209,2,0
16633,726,256,481,6,1
16634,165,53,109,2,0
16637,332,227,289,4,0
16638,528,20,168,10,3
16639,786,163,419,3,0
16641,231,231,231,1,2
16642,381,308,344,2,4
16643,488,488,488,1,0
16644,722,111,417,2,1
16647,128,86,107,2,0
16648,291,291,291,1,0
16650,518,518,518,1,0
16652,2159,26,968,7,0
16653,1118,95,606,2,0
16654,274,35,150,4,1
16655,1042,270,632,6,2
16656,1093,60,575,15,0
16657,258,204,233,4,0
16658,123,123,123,1,0
16659,39,39,39,1,0
16660,457,102,317,4,0
16665,135,135,135,1,5
16666,119,119,119,1,0
16667,367,203,285,2,2
16668,74,20,51,6,0
16669,729,0,458,3,1
16670,691,6,372,11,0
16671,1383,153,564,3,3
16672,1175,60,407,20,1
16674,197,122,160,2,2
16676,494,304,398,4,0
16678,327,39,259,12,1
16679,130,130,130,1,0
16680,184,184,184,1,0
16681,457,20,295,6,0
16682,526,101,206,5,2
16684,13760,149,2380,28,0
16685,242,83,162,2,5
16686,836,142,438,7,7
16688,648,146,315,4,2
16689,294,128,211,2,0
16690,139,87,113,2,7
16692,1268,9,638,2,0
16693,324,158,241,2,0
16696,405,35,164,4,0
16697,113,113,113,1,1
16698,1182,816,999,2,0
16700,508,284,391,13,0
16701,1081,22,415,13,0
16705,2489,17,702,20,0
16706,292,120,177,3,1
16708,657,657,657,1,10
16709,1121,134,606,5,0
16710,423,29,248,10,3
16711,446,214,330,5,0
16712,510,66,331,11,3
16713,1116,152,462,15,7
16714,1137,10,387,3,0
16715,302,302,302,1,0
16716,734,167,451,2,0
16717,1996,298,643,6,0
16718,624,624,624,1,4
16719,431,152,256,7,0
16720,155,155,155,1,3
16721,292,292,292,1,0
16722,481,290,364,13,3
16723,424,165,295,2,1
16725,204,1,112,7,0
16726,587,61,276,5,0
16727,273,273,273,1,0
16728,505,102,264,4,0
16729,605,7,345,21,0
16730,294,187,248,3,4
16732,604,604,604,1,10
16734,344,3,217,3,14
16735,771,125,460,5,0
16737,418,418,418,1,0
16738,4,4,4,1,0
16739,323,323,323,1,0
16742,465,465,465,1,0
16743,430,29,320,7,0
16744,283,110,186,7,8
16745,822,204,423,17,1
16746,587,21,372,18,0
16747,480,356,418,2,1
16748,479,131,303,5,37
16750,199,93,125,5,0
16751,1765,1765,1765,1,2
16752,208,208,208,1,0
16753,224,224,224,1,0
16754,2002,2002,2002,1,3
16755,592,316,499,3,0
16756,239,239,239,1,1
16757,107,107,107,1,0
16758,369,369,369,1,0
16759,371,108,263,3,0
16761,317,317,317,1,8
16762,614,314,500,3,2
16763,612,612,612,1,0
16764,356,111,215,13,0
16765,34,34,34,1,3
16766,573,573,573,2,0
16767,1866,41,507,11,0
16768,192,103,159,3,3
16769,380,380,380,1,3
16770,269,114,154,5,2
16771,704,144,449,5,0
16773,172,172,172,1,1
16774,238,119,165,4,3
16775,232,110,154,11,3
16776,388,388,388,1,0
16777,177,49,113,2,0
16778,153,93,123,2,0
16779,892,265,483,22,0
16780,263,162,213,2,0
16781,311,311,311,1,0
16782,372,44,175,13,6
16784,108,108,108,1,0
16788,300,297,299,2,0
16789,81,81,81,1,0
16790,664,91,258,6,1
16791,487,14,246,7,0
16792,100,10,55,2,0
16793,244,244,244,1,1
16794,275,3,122,10,12
16795,415,415,415,1,0
16796,306,306,306,1,0
16800,1201,1201,1201,1,0
16801,752,141,405,4,4
16803,332,332,332,1,0
16804,412,7,179,3,1
16805,246,215,230,2,0
16806,260,127,200,4,0
16807,470,281,374,3,1
16808,167,122,144,2,0
16809,294,128,183,5,0
16810,310,310,310,1,0
16811,315,232,274,2,0
16812,479,479,479,1,11
16813,247,111,169,10,0
16814,644,116,310,21,2
16816,250,44,104,4,7
16817,244,7,178,9,0
16818,693,45,305,11,0
16820,498,498,498,1,0
16823,358,358,358,1,2
16824,238,223,230,2,2
16825,456,319,388,2,0
16826,342,342,342,1,0
16828,114,15,64,2,2
16829,197,197,197,1,0
16830,326,326,326,1,0
16832,78,59,66,3,0
16833,435,17,277,4,45
16834,413,413,413,1,0
16835,99,82,90,2,0
16836,161,91,126,2,0
16837,738,75,288,11,0
16838,392,197,294,2,0
16839,988,216,488,34,0
16841,319,300,312,6,1
16842,521,346,421,3,1
16843,1831,16,637,16,0
16846,214,214,214,1,0
16847,193,193,193,1,0
16848,281,281,281,1,1
16849,125,125,125,1,0
16850,332,332,332,1,9
16851,128,103,114,3,2
16852,113,32,72,2,0
16855,177,151,164,2,0
16856,35,35,35,1,0
16858,376,376,376,1,0
16859,488,260,374,2,0
16861,103,71,87,2,0
16863,339,164,251,2,0
16866,109,45,69,3,0
16869,305,133,206,4,0
16871,1111,35,469,6,0
16872,388,76,227,3,0
16873,2158,529,1187,6,0
16875,957,38,419,5,0
16877,269,78,142,6,1
16878,13,13,13,1,1
16880,410,7,217,7,32
16881,432,432,432,1,1
16882,489,10,235,3,1
16883,149,128,138,2,1
16884,297,133,215,2,0
16885,191,127,157,3,0
16887,195,195,195,1,0
16889,706,350,526,3,0
16891,232,116,162,5,0
16892,151,12,105,5,0
16893,146,146,146,1,0
16895,219,219,219,1,0
16897,213,77,145,2,0
16898,203,116,170,3,3
16899,382,78,214,6,20
16900,753,9,296,3,2
16902,1707,1707,1707,1,2
16903,373,373,373,1,0
16904,433,15,235,16,1
16905,1206,161,443,7,2
16906,185,99,145,4,0
16907,270,128,196,5,10
16909,379,379,379,1,11
16910,291,112,189,8,0
16912,465,30,234,11,3
16913,113,113,113,1,0
16914,208,208,208,1,0
16915,174,42,104,6,0
16916,378,198,288,2,0
16917,392,392,392,1,0
16918,300,2,178,6,0
16919,342,116,236,11,0
16921,170,170,170,1,0
16923,658,50,381,19,0
16924,323,253,282,3,2
16926,230,230,230,1,0
16927,218,123,181,3,0
16928,380,101,168,17,7
16929,236,106,185,7,1
16930,195,12,127,3,0
16931,411,4,219,21,3
16932,162,162,162,1,0
16933,339,225,282,2,0
16934,810,141,475,2,0
16936,263,263,263,1,1
16938,2133,10,684,4,0
16940,1182,758,1017,3,0
16942,330,23,213,9,1
16943,451,172,272,3,0
16945,351,10,229,19,4
16947,406,406,406,1,0
16948,194,70,145,3,0
16949,388,74,214,6,0
16950,606,172,393,3,0
16951,1054,15,426,3,0
16952,157,11,84,2,2
16953,21,21,21,1,0
16954,414,102,232,9,0
16955,166,33,130,4,24
16956,309,309,309,1,6
16957,302,115,208,2,0
16959,117,117,117,1,0
16960,202,149,169,3,4
16961,234,234,234,1,0
16963,111,111,111,1,0
16965,201,201,201,1,0
16966,427,3,308,7,0
16967,319,319,319,1,5
16968,253,186,220,2,0
16969,397,82,217,3,0
16971,357,357,357,1,1
16976,252,252,252,1,0
16978,344,344,344,1,2
16979,418,209,309,6,0
16980,732,347,539,2,0
16982,384,384,384,1,0
16983,433,163,276,7,0
16984,3226,1255,2241,2,1
16985,933,46,546,10,0
16986,1790,83,937,2,1
16987,382,13,232,7,0
16988,126,126,126,1,0
16989,858,33,189,6,0
16990,179,179,179,1,1
16992,428,214,323,5,2
16996,415,30,243,6,0
16997,390,78,234,3,0
16998,190,8,74,4,0
16999,246,239,242,2,0
17001,431,261,363,11,0
17002,513,480,498,3,0
17004,1006,407,706,2,3
17006,281,109,195,4,0
17007,314,72,148,6,0
17010,195,195,195,1,0
17011,271,271,271,1,1
17014,231,167,195,3,0
17015,1045,273,614,3,0
17017,824,25,435,20,2
17018,515,405,460,2,0
17019,366,271,318,4,0
17022,71,71,71,1,1
17024,40,25,32,3,11
17025,197,18,119,3,1
17026,122,33,77,2,0
17027,239,12,148,6,0
17029,358,358,358,2,0
17030,147,147,147,1,0
17031,226,154,190,2,0
17033,422,300,343,3,2
17034,381,142,249,3,1
17035,260,174,217,2,4
17037,1267,1267,1267,1,0
17038,112,112,112,1,2
17040,450,450,450,1,0
17041,446,305,361,3,0
17042,273,122,209,5,1
17043,769,150,434,4,0
17044,948,948,948,1,0
17045,191,40,113,3,1
17046,642,642,642,1,1
17047,439,310,367,3,0
17048,502,165,308,3,1
17049,1284,289,629,9,0
17050,841,131,538,6,16
17051,247,247,247,1,0
17052,414,414,414,1,0
17053,498,498,498,1,0
17054,314,149,271,5,0
17058,583,237,393,3,0
17059,845,329,619,5,0
17060,234,234,234,1,2
17061,1702,23,476,11,0
17062,180,103,135,4,0
17063,388,35,209,7,0
17064,398,148,286,3,0
17068,454,17,217,21,2
17069,546,14,301,9,4
17070,312,312,312,1,2
17071,432,28,270,9,0
17073,454,279,362,4,0
17075,374,133,209,4,1
17076,507,152,280,3,0
17078,370,8,189,2,0
17079,119,119,119,1,4
17080,211,76,144,2,0
17081,178,112,145,2,0
17082,1367,637,1002,2,0
17083,691,305,469,3,5
17084,2044,906,1475,2,4
17085,453,234,313,5,0
17086,460,229,342,6,0
17088,1016,239,498,4,0
17090,706,61,292,7,1
17091,690,7,425,9,1
17092,788,135,444,4,0
17094,302,302,302,1,0
17095,780,231,441,3,0
17096,315,133,256,4,2
17097,175,13,119,8,1
17100,940,32,486,2,4
17101,669,231,405,4,0
17102,26,26,26,1,1
17105,346,319,333,2,1
17107,2424,71,1803,6,11
17109,401,20,148,6,0
17110,163,163,163,1,8
17111,249,249,249,1,0
17114,142,46,101,8,3
17115,310,225,279,3,0
17117,116,116,116,1,0
17118,157,157,157,1,0
17119,547,60,303,2,1
17120,307,307,307,1,0
17122,138,138,138,1,0
17123,345,345,345,1,0
17124,299,299,299,1,0
17125,259,259,259,1,2
17126,413,38,201,5,0
17128,157,157,157,1,0
17131,1067,47,493,5,1
17133,1659,70,699,7,3
17134,331,95,213,2,0
17135,285,85,163,7,1
17138,381,381,381,1,3
17139,2639,87,889,12,4
17140,465,465,465,1,2
17142,579,579,579,1,0
17144,596,389,492,2,0
17146,298,186,250,3,0
17147,564,365,429,4,0
17148,125,125,125,1,3
17152,1156,218,563,3,4
17153,214,214,214,1,0
17154,329,329,329,1,0
17155,143,108,126,2,8
17157,161,158,160,2,4
17158,568,285,422,3,0
17159,612,398,513,3,0
17160,758,471,586,6,3
17162,424,10,172,10,0
17163,170,123,147,2,0
17164,746,25,352,7,0
17165,159,159,159,1,0
17166,128,79,103,2,0
17169,527,309,418,2,2
17171,225,225,225,1,0
17172,318,318,318,1,0
17173,963,281,471,8,0
17174,60,60,60,1,0
17175,519,303,361,4,0
17176,306,306,306,1,0
17179,245,223,237,3,9
17180,268,49,199,4,0
17181,156,84,120,2,0
17183,739,330,558,6,0
17186,72,72,72,2,0
17187,204,204,204,1,4
17188,522,83,353,7,0
17189,227,157,192,2,2
17190,250,195,222,2,0
17191,532,30,299,7,0
17193,761,17,243,7,0
17194,253,10,131,2,2
17197,1013,1013,1013,1,0
17198,272,171,231,3,1
17201,343,343,343,1,0
17203,1283,18,594,6,1
17204,789,69,391,4,0
17205,384,384,384,1,1
17206,204,204,204,1,0
17211,433,128,290,8,2
17212,227,227,227,1,6
17213,530,303,397,7,0
17214,250,133,178,6,1
17217,114,114,114,1,1
17218,293,100,196,10,0
17219,114,114,114,1,1
17220,418,12,228,14,0
17221,203,132,168,2,0
17222,354,354,354,1,3
17223,293,134,213,2,0
17226,393,393,393,1,3
17227,224,107,157,6,0
17228,432,123,238,8,0
17229,161,158,159,2,5
17230,1761,1,455,8,0
17231,465,167,317,10,1
17232,213,208,211,2,0
17233,191,191,191,1,3
17234,150,150,150,1,0
17235,342,208,275,2,0
17236,218,118,153,6,0
17237,244,71,157,2,0
17238,502,5,220,17,0
17239,383,383,383,1,10
17242,709,426,568,2,0
17243,617,143,334,26,0
17244,955,955,955,1,2
17245,171,171,171,1,0
17247,282,282,282,1,7
17248,319,319,319,1,1
17250,222,163,192,2,0
17251,283,283,283,1,0
17252,342,12,177,2,0
17253,178,178,178,1,0
17254,170,102,136,2,0
17255,186,112,149,2,0
17256,128,112,120,2,0
17259,382,222,302,2,0
17262,585,20,251,5,0
17263,63,63,63,1,0
17265,384,179,281,2,0
17266,176,21,104,3,4
17267,311,7,159,2,5
17268,452,35,191,4,0
17272,752,41,537,4,0
17274,112,112,112,1,0
17277,717,348,533,2,0
17278,246,246,246,1,0
17279,188,188,188,1,0
17282,742,275,568,3,0
17284,716,109,275,6,1
17286,154,154,154,1,0
17287,202,109,152,7,7
17288,556,53,203,7,0
17289,438,167,315,3,0
17290,353,172,263,2,0
17291,551,551,551,1,0
17293,346,65,208,9,0
17295,279,130,186,3,0
17297,132,132,132,1,0
17298,391,108,249,2,0
17299,310,91,167,4,0
17301,198,198,198,1,0
17302,358,120,227,5,0
17303,250,250,250,1,0
17306,749,153,454,19,0
17309,83,83,83,1,0
17311,828,556,692,2,0
17312,254,146,215,3,0
17313,2329,2329,2329,1,0
17314,671,35,316,8,0
17315,421,15,166,38,2
17317,2028,38,867,3,0
17320,459,291,400,3,0
17321,660,41,350,2,0
17323,220,5,132,7,0
17324,575,41,248,4,0
17325,97,97,97,1,2
17329,280,243,262,2,0
17330,265,99,182,2,0
17331,175,175,175,1,0
17333,494,494,494,1,1
17334,297,11,154,2,0
17337,1027,33,507,4,0
17338,1437,300,830,8,0
17339,183,60,122,2,0
17340,3894,15,1123,11,0
17341,514,15,260,3,0
17343,194,194,194,1,0
17344,161,161,161,1,0
17345,254,46,134,4,2
17346,252,101,178,15,0
17347,229,229,229,1,3
17348,500,112,232,5,1
17349,111,111,111,1,0
17350,735,72,322,4,0
17351,229,160,196,3,0
17353,870,870,870,2,4
17354,1393,1393,1393,1,5
17356,178,178,178,1,14
17357,382,6,194,2,2
17358,247,119,183,2,0
17359,128,128,128,1,0
17360,331,112,195,3,4
17361,224,45,163,3,0
17362,162,150,156,2,0
17364,905,30,407,11,0
17365,1126,15,600,8,0
17367,168,168,168,1,0
17368,563,21,239,8,0
17370,117,108,112,4,1
17371,270,56,141,3,5
17372,212,125,168,8,4
17373,213,142,162,4,0
17374,304,192,248,2,17
17375,177,110,133,3,0
17376,106,97,102,2,0
17377,364,107,205,20,0
17379,405,405,405,1,0
17381,2568,51,699,29,3
17382,65,65,65,1,0
17383,199,199,199,1,0
17384,228,109,168,2,0
17385,261,261,261,1,1
17386,989,3,448,6,0
17387,438,346,392,2,0
17388,382,190,315,4,0
17389,7427,53,936,34,0
17391,407,102,254,2,0
17392,312,146,229,2,0
17394,204,204,204,1,0
17396,2034,18,916,8,0
17397,398,299,348,2,0
17398,306,125,218,3,0
17400,817,12,426,5,3
17402,313,35,203,13,0
17403,282,282,282,1,0
17404,5297,15,2127,15,17
17405,490,148,344,3,0
17406,1248,250,733,3,0
17408,33,33,33,1,0
17409,511,261,386,2,0
17410,449,110,243,5,0
17411,286,210,260,3,2
17412,250,121,180,7,0
17414,598,180,389,2,1
17415,508,508,508,1,0
17416,2115,328,985,7,1
17418,296,167,232,2,0
17419,614,17,352,12,0
17420,261,131,200,3,0
17422,403,280,330,6,0
17423,449,249,349,2,0
17425,689,70,380,2,0
17426,1987,98,840,6,0
17427,101,101,101,1,11
17428,4090,124,616,28,0
17429,189,149,175,3,0
17430,153,113,133,2,0
17431,403,403,403,1,0
17432,190,176,183,2,0
17433,303,303,303,1,0
17434,500,226,339,7,0
17436,122,94,108,2,0
17438,388,388,388,1,0
17440,118,7,62,3,3
17442,521,254,375,6,12
17443,534,534,534,1,3
17444,1218,551,980,3,0
17446,68,53,60,2,0
17447,372,169,271,2,0
17449,684,175,360,7,2
17450,31698,35,4229,46,0
17451,471,19,246,7,0
17453,342,145,243,2,0
17454,166,104,129,4,2
17455,132,132,132,1,0
17456,250,250,250,1,2
17457,386,313,348,5,0
17458,317,317,317,1,18
17459,357,300,329,2,2
17460,160,20,104,6,0
17461,383,26,252,3,1
17462,463,212,338,2,0
17463,710,198,379,5,15
17464,290,290,290,1,3
17466,460,303,382,2,0
17468,107,30,69,2,0
17469,442,304,374,5,0
17470,309,141,225,5,0
17472,259,199,237,3,4
17475,194,194,194,1,0
17480,512,512,512,1,2
17481,418,172,314,4,3
17483,155,120,138,3,5
17486,397,397,397,1,0
17489,209,168,188,2,0
17490,488,40,299,7,0
17491,557,135,356,10,0
17492,375,375,375,1,1
17495,343,155,249,2,2
17496,271,271,271,1,14
17498,272,272,272,1,7
17499,623,623,623,1,0
17500,510,288,379,3,0
17501,248,40,144,2,0
17502,301,30,172,4,0
17503,340,219,279,2,0
17504,859,10,333,9,0
17505,659,487,573,2,0
17506,302,302,302,1,8
17507,341,265,303,2,0
17508,387,387,387,1,1
17509,915,314,764,8,4
17510,308,308,308,1,0
17511,7060,31,2937,31,0
17512,581,78,292,10,0
17513,513,513,513,1,2
17514,209,209,209,1,0
17515,231,68,160,4,0
17516,321,7,154,5,0
17517,154,154,154,1,2
17519,356,201,307,6,1
17520,547,547,547,1,0
17521,338,160,241,3,0
17522,539,101,214,5,0
17523,278,60,163,4,10
17524,145,145,145,1,1
17525,423,423,423,1,0
17526,634,12,299,4,0
17527,315,151,235,4,0
17528,779,201,454,8,0
17530,431,15,239,10,0
17531,297,297,297,1,0
17534,223,223,223,1,0
17535,164,164,164,1,0
17536,77,77,77,1,0
17537,631,267,449,2,13
17538,98,98,98,1,0
17540,310,269,289,2,2
17542,171,171,171,1,0
17545,344,123,215,3,0
17548,103,103,103,1,3
17549,121,28,74,2,0
17550,156,11,89,3,113
17551,307,307,307,1,1
17552,615,17,233,4,0
17553,1488,1488,1488,1,0
17554,772,210,390,5,0
17555,288,195,242,2,0
17556,158,158,158,1,0
17557,288,102,180,3,1
17560,324,0,171,5,0
17561,168,168,168,1,1
17562,300,104,160,7,0
17564,211,119,151,3,0
17566,487,414,451,2,0
17567,988,396,541,8,0
17569,344,344,344,1,4
17571,937,76,375,4,2
17572,81,31,57,4,7
17573,198,8,127,3,0
17574,186,186,186,1,1
17576,395,15,191,19,0
17578,143,143,143,1,0
17579,178,106,150,3,0
17580,121,47,72,3,0
17581,1351,30,442,25,0
17582,175,175,175,1,1
17584,749,493,621,2,0
17585,418,104,283,4,0
17588,538,305,413,3,2
17589,632,561,601,4,12
17590,809,321,493,3,0
17591,456,152,318,7,0
17593,986,663,785,5,0
17594,678,315,497,2,2
17595,231,158,194,2,0
17596,612,182,404,7,0
17597,2044,2044,2044,1,0
17600,162,162,162,1,0
17601,116,116,116,1,0
17602,1244,143,850,6,0
17603,395,395,395,1,0
17604,173,136,155,2,1
17608,188,6,97,2,0
17609,430,30,222,5,0
17611,497,115,266,15,12
17612,366,305,341,6,0
17613,790,8,326,14,0
17614,390,390,390,1,0
17615,154,57,110,3,1
17616,326,82,190,3,0
17618,347,305,324,3,6
17619,219,219,219,1,1
17620,81,81,81,1,2
17621,662,239,460,3,0
17623,527,527,527,1,12
17624,443,400,422,2,0
17625,685,384,512,4,1
17628,76,76,76,1,0
17629,594,83,227,8,0
17630,336,168,252,2,0
17631,303,112,176,3,0
17633,356,316,331,4,1
17634,786,106,262,9,2
17636,286,286,286,1,0
17637,339,208,274,2,0
17639,109,109,109,1,0
17640,622,622,622,1,0
17642,395,317,356,2,0
17643,102,102,102,1,0
17644,507,33,263,11,5
17646,412,251,336,3,4
17647,133,133,133,1,0
17648,690,50,449,4,0
17649,868,868,868,1,1
17650,166,166,166,1,6
17651,915,65,395,10,7
17652,811,165,406,12,7
17653,570,163,302,4,0
17654,118,118,118,1,0
17655,676,288,377,7,0
17656,615,132,335,5,0
17658,318,278,298,2,0
17659,600,15,250,12,0
17660,196,196,196,1,1
17663,371,189,258,7,0
17664,326,278,302,2,0
17666,409,319,364,2,0
17667,928,62,411,5,0
17668,186,162,174,2,1
17669,762,212,487,7,0
17670,206,206,206,1,0
17671,474,312,393,4,2
17672,2000,1178,1589,2,0
17673,402,112,272,6,4
17674,301,250,276,2,0
17675,1533,25,657,31,0
17676,348,17,231,6,0
17677,1798,17,545,30,0
17678,298,298,298,1,0
17679,1643,349,996,2,12
17680,184,184,184,1,3
17682,575,350,412,6,0
17684,239,239,239,1,1
17685,1286,11,456,7,1
17686,1593,13,820,7,0
17690,896,71,317,15,7
17691,148,143,145,2,11
17692,343,111,185,4,6
17693,200,200,200,1,0
17694,283,283,283,1,2
17695,412,354,383,2,0
17696,402,18,286,8,4
17697,339,339,339,1,3
17698,155,155,155,1,0
17700,853,523,634,4,4
17701,418,418,418,1,0
17702,564,335,456,4,0
17703,308,229,266,3,0
17704,498,387,443,2,0
17705,414,107,203,9,0
17706,2662,20,618,17,0
17707,84,69,76,2,8
17708,156,111,134,2,5
17709,137,137,137,1,1
17711,221,165,193,2,0
17712,523,523,523,1,16
17714,153,153,153,1,1
17715,326,326,326,1,17
17716,1175,25,514,11,0
17718,139,139,139,1,0
17719,658,234,360,15,0
17720,430,102,299,4,1
17722,910,323,606,4,0
17723,830,332,546,6,0
17724,419,241,344,3,0
17725,338,279,313,11,2
17727,1060,1060,1060,1,0
17728,1943,345,959,3,1
17730,663,311,408,13,2
17731,353,276,310,4,0
17732,304,304,304,1,0
17733,475,217,346,2,11
17734,427,113,234,3,0
17735,954,228,690,19,0
17736,307,30,126,3,4
17737,87,81,84,2,0
17738,780,206,470,4,6
17739,542,323,399,7,0
17742,303,53,178,2,0
17744,730,281,387,6,5
17746,110,110,110,1,13
17747,71,71,71,1,0
17749,369,306,337,2,0
17750,323,113,200,9,0
17752,81,81,81,1,0
17754,622,201,354,5,0
17757,365,115,187,30,0
17758,686,11,432,8,0
17759,668,22,278,3,9
17760,173,115,144,2,0
17761,713,713,713,1,4
17763,15,15,15,1,0
17764,557,262,409,2,5
17765,141,109,124,3,0
17767,271,271,271,1,5
17768,1000,411,758,3,6
17769,708,6,400,10,1
17770,603,53,229,5,4
17771,130,116,123,2,2
17772,156,26,91,2,16
17774,395,220,306,4,0
17775,56,56,56,1,0
17777,256,195,222,3,0
17779,323,166,220,3,0
17781,102,86,94,2,1
17783,171,112,142,2,0
17785,132,132,132,1,2
17786,164,115,139,2,1
17787,736,149,466,4,0
17788,1101,17,559,2,1
17789,226,226,226,1,2
17790,329,1,140,14,1
17791,106,106,106,1,0
17793,323,323,323,1,0
17795,187,163,175,2,0
17796,282,76,174,4,1
17797,453,55,260,3,1
17799,614,6,306,10,0
17800,170,104,133,9,0
17802,653,100,428,3,0
17805,512,512,512,1,0
17806,546,546,546,1,0
17809,1836,35,451,12,0
17811,1272,85,201,39,0
17812,268,43,183,4,0
17813,1044,2,354,5,0
17816,16,5,9,4,3
17817,195,75,129,3,0
17819,856,190,529,7,0
17824,298,298,298,1,0
17827,920,115,399,5,1
17828,833,30,455,4,0
17829,889,889,889,1,0
17830,189,99,133,3,2
17831,35,35,35,1,0
17832,155,155,155,1,0
17835,127,110,117,3,0
17836,110,110,110,1,0
17837,500,120,199,8,0
17838,752,218,556,5,0
17839,339,339,339,1,0
17841,974,1,331,124,0
17843,205,205,205,1,0
17844,52,52,52,1,0
17846,2033,2033,2033,1,0
17848,174,31,100,9,0
17849,218,109,151,4,0
17850,532,22,159,34,2
17852,70,44,57,2,0
17854,200,112,156,2,7
17855,209,209,209,1,0
17856,585,75,355,4,0
17857,5424,6,1169,23,3
17858,1306,80,430,12,21
17859,148,148,148,1,0
17860,253,253,253,1,7
17861,704,5,263,8,0
17862,331,331,331,1,0
17863,1033,342,527,6,1
17864,272,117,199,3,5
17865,1143,25,526,20,0
17866,330,330,330,1,0
17867,579,15,200,6,15
17869,214,6,86,5,0
17870,376,15,158,12,0
17871,156,156,156,1,0
17873,490,215,372,5,0
17874,371,6,114,6,0
17877,238,238,238,1,0
17878,379,379,379,1,3
17879,179,179,179,1,16
17880,459,459,459,1,0
17881,133,133,133,1,136
17883,289,78,168,4,0
17884,278,115,179,4,0
17885,190,190,190,1,0
17886,503,173,300,3,0
17887,111,111,111,1,0
17888,251,29,91,8,15
17889,102,102,102,2,0
17890,477,125,301,2,0
17891,204,204,204,1,0
17892,142,10,81,3,2
17893,112,112,112,1,2
17894,258,94,140,8,0
17895,98,98,98,1,0
17896,256,256,256,1,0
17897,269,132,189,3,1
17898,100,52,76,2,0
17899,156,156,156,1,0
17900,80,32,56,2,0
17901,110,110,110,1,19
17904,192,192,192,1,1
17905,225,181,200,4,2
17906,73,73,73,1,0
17908,243,243,243,1,1
17911,366,366,366,1,0
17912,126,10,62,5,2
17913,218,194,206,2,1
17914,336,336,336,1,0
17917,120,111,114,3,0
17919,1304,1304,1304,1,0
17920,514,111,247,17,0
17921,281,159,207,4,0
17923,208,208,208,1,0
17924,1575,129,423,7,0
17925,244,244,244,1,0
17926,212,186,199,2,0
17928,134,78,106,2,0
17929,272,136,211,4,14
17930,427,296,348,5,0
17931,297,111,204,2,0
17932,589,346,444,3,0
17934,638,66,352,2,0
17935,135,11,73,2,0
17936,390,390,390,1,0
17937,1394,287,614,7,0
17939,99,99,99,1,0
17940,1868,75,411,10,1
17941,305,305,305,1,0
17942,78,78,78,1,0
17946,132,18,75,2,5
17947,177,177,177,1,0
17948,359,359,359,1,1
17949,13355,23,1300,45,0
17950,219,73,161,3,0
17951,599,114,336,3,0
17954,337,20,194,12,0
17955,262,8,139,4,2
17956,13,13,13,1,0
17957,112,112,112,1,0
17958,508,508,508,1,0
17960,74,74,74,1,0
17961,397,2,33,39,0
17962,103,103,103,1,0
17964,262,210,236,2,0
17965,439,16,187,14,7
17966,504,137,220,5,0
17967,123,123,123,1,0
17968,277,277,277,1,0
17969,125,103,114,2,1
17970,583,583,583,1,0
17972,136,136,136,1,0
17973,337,337,337,1,0
17974,432,136,247,3,0
17975,766,132,345,13,0
17976,353,353,353,1,0
17977,288,288,288,1,0
17978,301,301,301,1,0
17979,263,10,189,4,4
17980,295,249,270,3,0
17984,153,153,153,1,0
17985,635,635,635,1,0
17986,21,21,21,1,0
17987,199,199,199,1,0
17988,65,3,29,7,9
17990,315,148,210,3,1
17991,87,6,47,2,1
17994,307,22,170,4,4
17995,76,76,76,1,0
17997,532,117,246,8,0
17999,192,190,191,2,0
18001,252,165,209,2,0
18004,169,169,169,1,0
18005,140,110,125,2,0
18006,445,445,445,1,0
18008,615,8,235,9,0
18009,257,257,257,1,0
18010,175,175,175,1,0
18011,103,103,103,1,0
18013,177,10,94,2,0
18014,166,166,166,1,0
18015,120,120,120,1,0
18016,625,157,297,5,0
18017,179,165,174,3,0
18018,85,37,61,2,0
18019,38,38,38,1,1
18022,668,668,668,1,0
18024,338,52,195,2,0
18027,115,115,115,1,0
18030,121,110,115,2,1
18032,74,74,74,1,0
18033,98,98,98,1,0
18034,264,159,211,2,0
18035,439,52,243,3,0
18036,151,111,135,3,0
18037,31,2,12,6,1
18040,239,118,179,2,0
18041,378,105,199,21,0
18042,165,165,165,1,3
18043,316,108,187,3,0
18044,432,72,209,10,14
18045,189,189,189,1,0
18048,168,4,86,2,0
18050,74,74,74,1,0
18053,300,300,300,1,0
18055,1233,306,678,10,0
18056,364,364,364,1,0
18058,170,170,170,1,1
18059,124,87,102,3,0
18061,405,92,212,10,0
18062,316,170,240,3,0
18064,408,406,407,2,0
18065,466,17,171,14,0
18066,318,318,318,1,0
18067,396,396,396,1,0
18068,102,102,102,1,0
18069,788,255,407,5,0
18071,259,194,227,2,0
18072,247,247,247,1,1
18073,833,18,323,12,0
18074,490,490,490,1,1
18075,405,79,261,10,0
18077,336,158,239,11,0
18078,198,138,168,2,0
18079,1613,481,913,4,0
18080,842,390,616,2,0
18081,135,95,114,3,0
18082,703,703,703,1,0
18084,90,90,90,1,2
18085,386,304,345,2,0
18086,101,101,101,1,0
18087,3203,853,2028,2,1
18088,168,168,168,1,0
18092,1486,221,824,11,0
18093,899,90,527,4,0
18094,639,45,431,7,1
18095,375,205,290,2,3
18096,474,149,304,3,0
18097,799,183,450,6,0
18099,168,168,168,1,2
18101,113,110,112,2,0
18102,22206,81,4328,60,0
18104,755,755,755,1,0
18105,113,113,113,1,1
18106,431,431,431,1,0
18108,271,271,271,1,0
18109,693,15,310,26,0
18110,236,236,236,1,2
18112,197,156,176,2,0
18113,76,76,76,1,18
18114,220,220,220,1,3
18116,354,36,177,8,0
18117,321,321,321,1,11
18118,476,106,217,26,0
18119,181,181,181,1,0
18120,111,111,111,1,0
18121,650,23,337,2,0
18122,443,119,304,6,0
18123,323,266,295,2,0
18125,556,176,286,4,1
18126,207,207,207,1,0
18127,185,24,116,3,0
18129,113,113,113,1,5
18130,456,290,353,3,0
18133,932,932,932,1,1
18135,172,110,136,5,2
18136,312,183,261,3,0
18138,153,153,153,1,0
18139,2786,461,1406,6,0
18142,737,282,510,2,1
18143,520,480,500,2,0
18144,363,134,241,12,0
18145,1079,415,715,4,2
18146,84,77,80,2,0
18147,99,80,90,2,0
18149,322,62,204,3,0
18150,228,153,189,3,2
18151,341,313,327,2,10
18154,220,179,200,2,3
18155,153,105,124,3,0
18156,529,206,367,2,0
18158,344,110,227,2,0
18159,530,530,530,1,0
18160,320,319,319,2,0
18161,462,225,324,5,5
18164,400,400,400,1,0
18165,302,302,302,1,0
18167,498,391,462,3,0
18168,263,115,195,6,0
18169,203,203,203,1,0
18170,351,304,327,3,1
18171,310,220,246,5,0
18172,1329,16,378,20,0
18173,853,378,527,4,0
18174,104,104,104,1,1
18176,476,476,476,1,1
18177,324,8,224,6,0
18178,491,301,398,4,1
18179,469,210,299,6,0
18180,327,301,307,6,3
18181,383,383,383,1,1
18183,319,313,316,2,3
18184,50,50,50,1,0
18185,304,304,304,1,0
18188,1182,393,667,3,0
18189,633,457,545,2,0
18190,171,113,142,2,0
18191,208,208,208,1,0
18192,958,958,958,1,0
18193,244,244,244,1,0
18194,974,974,974,1,0
18196,451,238,345,2,3
18198,422,285,319,17,0
18200,164,164,164,1,1
18202,747,164,466,3,0
18203,160,160,160,1,0
18204,818,549,665,3,1
18205,292,226,259,2,1
18209,139,139,139,1,0
18210,1258,142,437,6,6
18211,152,49,120,5,9
18212,248,248,248,1,0
18213,232,232,232,1,0
18215,299,299,299,1,2
18216,482,482,482,1,8
18217,318,304,311,2,0
18218,353,309,331,2,0
18219,460,69,207,10,3
18220,305,305,305,1,1
18221,303,163,208,5,2
18222,443,443,443,1,0
18223,1389,15,463,14,0
18224,159,159,159,1,0
18225,1188,30,459,12,7
18226,721,318,475,11,0
18227,94,94,94,1,0
18228,420,360,390,2,1
18229,495,307,364,20,1
18230,503,320,401,7,1
18231,671,234,417,5,0
18232,263,92,148,4,0
18233,440,440,440,1,2
18235,1047,319,599,3,2
18236,181,109,147,6,0
18237,323,126,197,5,7
18239,467,56,312,5,0
18240,423,423,423,1,0
18241,366,40,122,17,0
18242,1225,313,558,4,2
18245,894,36,367,7,0
18246,363,233,298,2,0
18248,496,308,402,2,0
18249,95,95,95,1,0
18250,349,349,349,1,0
18251,4315,4315,4315,1,0
18252,457,70,263,2,0
18255,103,103,103,1,0
18257,627,15,292,8,0
18259,1070,376,780,3,3
18260,557,231,441,6,1
18261,225,99,162,2,2
18262,149,149,149,1,1
18263,504,308,404,3,0
18265,489,313,401,2,27
18268,26,26,26,1,0
18269,169,169,169,1,15
18270,171,112,142,2,3
18272,754,341,513,6,0
18273,102,51,68,3,2
18274,176,176,176,1,0
18276,336,336,336,1,3
18277,110,110,110,1,2
18278,174,174,174,1,3
18280,181,181,181,1,0
18281,81,81,81,1,0
18282,100,78,89,2,0
18283,314,2,131,16,0
18287,1001,71,612,3,0
,,,,,
,,,,,
,,,,,
,,,,,
,,,,,
,,,,,
,,,,,
,,,,,
,,,,,
,,,,,
,,,,,
,,,,,
,,,,,
,,,,,
,,,,,
,,,,,
,,,,,
,,,,,
,,,,,
,,,,,
,,,,,
,,,,,
,,,,,
,,,,,
,,,,,
,,,,,
,,,,,
,,,,,
,,,,,
,,,,,
,,,,,
,,,,,
,,,,,
